Notes,State_of_Residence,State of Residence Code,OE Gestational Age Weekly,OE_Gestational_Age_Weekly_Code,Tobacco_Use,Tobacco Use Code,Births
,Alabama,01,21 weeks,21,No,2,19
,Alabama,01,22 weeks,22,No,2,40
,Alabama,01,23 weeks,23,No,2,61
,Alabama,01,24 weeks,24,No,2,69
,Alabama,01,25 weeks,25,No,2,65
,Alabama,01,26 weeks,26,No,2,81
,Alabama,01,27 weeks,27,No,2,113
,Alabama,01,28 weeks,28,No,2,126
,Alabama,01,29 weeks,29,No,2,103
,Alabama,01,30 weeks,30,Yes,1,17
,Alabama,01,30 weeks,30,No,2,174
,Alabama,01,31 weeks,31,Yes,1,28
,Alabama,01,31 weeks,31,No,2,215
,Alabama,01,32 weeks,32,Yes,1,22
,Alabama,01,32 weeks,32,No,2,352
,Alabama,01,33 weeks,33,Yes,1,32
,Alabama,01,33 weeks,33,No,2,469
,Alabama,01,34 weeks,34,Yes,1,93
,Alabama,01,34 weeks,34,No,2,964
,Alabama,01,35 weeks,35,Yes,1,134
,Alabama,01,35 weeks,35,No,2,1297
,Alabama,01,36 weeks,36,Yes,1,224
,Alabama,01,36 weeks,36,No,2,2811
,Alabama,01,37 weeks,37,Yes,1,459
,Alabama,01,37 weeks,37,No,2,7014
,Alabama,01,38 weeks,38,Yes,1,668
,Alabama,01,38 weeks,38,No,2,9747
,Alabama,01,39 weeks,39,Yes,1,1438
,Alabama,01,39 weeks,39,No,2,22802
,Alabama,01,39 weeks,39,Unknown or Not Stated,9,12
,Alabama,01,40 weeks,40,Yes,1,329
,Alabama,01,40 weeks,40,No,2,6697
,Alabama,01,40 weeks,40,Unknown or Not Stated,9,14
,Alabama,01,41 weeks,41,Yes,1,58
,Alabama,01,41 weeks,41,No,2,1106
,Alabama,01,42 weeks,42,No,2,53
,Alabama,01,Unknown or Not Stated,99,No,2,14
,Alaska,02,25 weeks,25,No,2,11
,Alaska,02,28 weeks,28,No,2,15
,Alaska,02,30 weeks,30,No,2,20
,Alaska,02,31 weeks,31,No,2,29
,Alaska,02,32 weeks,32,No,2,41
,Alaska,02,33 weeks,33,No,2,47
,Alaska,02,34 weeks,34,Yes,1,13
,Alaska,02,34 weeks,34,No,2,107
,Alaska,02,35 weeks,35,Yes,1,22
,Alaska,02,35 weeks,35,No,2,145
,Alaska,02,35 weeks,35,Unknown or Not Stated,9,10
,Alaska,02,36 weeks,36,Yes,1,56
,Alaska,02,36 weeks,36,No,2,333
,Alaska,02,36 weeks,36,Unknown or Not Stated,9,13
,Alaska,02,37 weeks,37,Yes,1,103
,Alaska,02,37 weeks,37,No,2,946
,Alaska,02,37 weeks,37,Unknown or Not Stated,9,33
,Alaska,02,38 weeks,38,Yes,1,143
,Alaska,02,38 weeks,38,No,2,1361
,Alaska,02,38 weeks,38,Unknown or Not Stated,9,46
,Alaska,02,39 weeks,39,Yes,1,196
,Alaska,02,39 weeks,39,No,2,2828
,Alaska,02,39 weeks,39,Unknown or Not Stated,9,57
,Alaska,02,40 weeks,40,Yes,1,96
,Alaska,02,40 weeks,40,No,2,1764
,Alaska,02,40 weeks,40,Unknown or Not Stated,9,38
,Alaska,02,41 weeks,41,Yes,1,35
,Alaska,02,41 weeks,41,No,2,700
,Alaska,02,41 weeks,41,Unknown or Not Stated,9,15
,Alaska,02,42 weeks,42,No,2,37
,Arizona,04,19 weeks,19,No,2,18
,Arizona,04,20 weeks,20,No,2,18
,Arizona,04,21 weeks,21,No,2,27
,Arizona,04,22 weeks,22,No,2,27
,Arizona,04,23 weeks,23,No,2,52
,Arizona,04,24 weeks,24,No,2,67
,Arizona,04,25 weeks,25,No,2,65
,Arizona,04,26 weeks,26,No,2,65
,Arizona,04,27 weeks,27,No,2,90
,Arizona,04,28 weeks,28,Yes,1,10
,Arizona,04,28 weeks,28,No,2,124
,Arizona,04,29 weeks,29,No,2,103
,Arizona,04,30 weeks,30,No,2,155
,Arizona,04,31 weeks,31,Yes,1,13
,Arizona,04,31 weeks,31,No,2,226
,Arizona,04,32 weeks,32,Yes,1,25
,Arizona,04,32 weeks,32,No,2,361
,Arizona,04,33 weeks,33,Yes,1,29
,Arizona,04,33 weeks,33,No,2,503
,Arizona,04,34 weeks,34,Yes,1,69
,Arizona,04,34 weeks,34,No,2,995
,Arizona,04,35 weeks,35,Yes,1,105
,Arizona,04,35 weeks,35,No,2,1378
,Arizona,04,36 weeks,36,Yes,1,164
,Arizona,04,36 weeks,36,No,2,3033
,Arizona,04,37 weeks,37,Yes,1,332
,Arizona,04,37 weeks,37,No,2,8201
,Arizona,04,37 weeks,37,Unknown or Not Stated,9,10
,Arizona,04,38 weeks,38,Yes,1,469
,Arizona,04,38 weeks,38,No,2,13514
,Arizona,04,39 weeks,39,Yes,1,851
,Arizona,04,39 weeks,39,No,2,28126
,Arizona,04,39 weeks,39,Unknown or Not Stated,9,14
,Arizona,04,40 weeks,40,Yes,1,343
,Arizona,04,40 weeks,40,No,2,13963
,Arizona,04,40 weeks,40,Unknown or Not Stated,9,12
,Arizona,04,41 weeks,41,Yes,1,90
,Arizona,04,41 weeks,41,No,2,3973
,Arizona,04,42 weeks,42,No,2,136
,Arizona,04,Unknown or Not Stated,99,Yes,1,12
,Arizona,04,Unknown or Not Stated,99,No,2,37
,Arkansas,05,20 weeks,20,No,2,10
,Arkansas,05,22 weeks,22,No,2,13
,Arkansas,05,23 weeks,23,No,2,25
,Arkansas,05,24 weeks,24,No,2,31
,Arkansas,05,25 weeks,25,No,2,47
,Arkansas,05,26 weeks,26,No,2,48
,Arkansas,05,27 weeks,27,No,2,50
,Arkansas,05,28 weeks,28,No,2,81
,Arkansas,05,29 weeks,29,Yes,1,14
,Arkansas,05,29 weeks,29,No,2,68
,Arkansas,05,30 weeks,30,Yes,1,13
,Arkansas,05,30 weeks,30,No,2,106
,Arkansas,05,31 weeks,31,Yes,1,12
,Arkansas,05,31 weeks,31,No,2,117
,Arkansas,05,32 weeks,32,Yes,1,31
,Arkansas,05,32 weeks,32,No,2,186
,Arkansas,05,33 weeks,33,Yes,1,28
,Arkansas,05,33 weeks,33,No,2,256
,Arkansas,05,34 weeks,34,Yes,1,75
,Arkansas,05,34 weeks,34,No,2,484
,Arkansas,05,35 weeks,35,Yes,1,101
,Arkansas,05,35 weeks,35,No,2,743
,Arkansas,05,36 weeks,36,Yes,1,184
,Arkansas,05,36 weeks,36,No,2,1522
,Arkansas,05,37 weeks,37,Yes,1,433
,Arkansas,05,37 weeks,37,No,2,3945
,Arkansas,05,37 weeks,37,Unknown or Not Stated,9,12
,Arkansas,05,38 weeks,38,Yes,1,666
,Arkansas,05,38 weeks,38,No,2,5872
,Arkansas,05,38 weeks,38,Unknown or Not Stated,9,28
,Arkansas,05,39 weeks,39,Yes,1,1358
,Arkansas,05,39 weeks,39,No,2,13425
,Arkansas,05,39 weeks,39,Unknown or Not Stated,9,48
,Arkansas,05,40 weeks,40,Yes,1,361
,Arkansas,05,40 weeks,40,No,2,4531
,Arkansas,05,40 weeks,40,Unknown or Not Stated,9,15
,Arkansas,05,41 weeks,41,Yes,1,83
,Arkansas,05,41 weeks,41,No,2,778
,Arkansas,05,42 weeks,42,No,2,44
,Arkansas,05,Unknown or Not Stated,99,No,2,17
,California,06,18 weeks,18,No,2,34
,California,06,19 weeks,19,No,2,26
,California,06,20 weeks,20,No,2,124
,California,06,21 weeks,21,No,2,99
,California,06,22 weeks,22,No,2,122
,California,06,23 weeks,23,No,2,236
,California,06,24 weeks,24,No,2,335
,California,06,25 weeks,25,No,2,359
,California,06,26 weeks,26,No,2,366
,California,06,27 weeks,27,No,2,450
,California,06,28 weeks,28,No,2,573
,California,06,29 weeks,29,Yes,1,11
,California,06,29 weeks,29,No,2,650
,California,06,30 weeks,30,Yes,1,20
,California,06,30 weeks,30,No,2,1471
,California,06,30 weeks,30,Unknown or Not Stated,9,16
,California,06,31 weeks,31,Yes,1,10
,California,06,31 weeks,31,No,2,1134
,California,06,32 weeks,32,Yes,1,35
,California,06,32 weeks,32,No,2,1848
,California,06,32 weeks,32,Unknown or Not Stated,9,14
,California,06,33 weeks,33,Yes,1,34
,California,06,33 weeks,33,No,2,1938
,California,06,33 weeks,33,Unknown or Not Stated,9,15
,California,06,34 weeks,34,Yes,1,77
,California,06,34 weeks,34,No,2,5229
,California,06,34 weeks,34,Unknown or Not Stated,9,28
,California,06,35 weeks,35,Yes,1,138
,California,06,35 weeks,35,No,2,7307
,California,06,35 weeks,35,Unknown or Not Stated,9,57
,California,06,36 weeks,36,Yes,1,211
,California,06,36 weeks,36,No,2,15322
,California,06,36 weeks,36,Unknown or Not Stated,9,65
,California,06,37 weeks,37,Yes,1,460
,California,06,37 weeks,37,No,2,40220
,California,06,37 weeks,37,Unknown or Not Stated,9,117
,California,06,38 weeks,38,Yes,1,614
,California,06,38 weeks,38,No,2,70519
,California,06,38 weeks,38,Unknown or Not Stated,9,177
,California,06,39 weeks,39,Yes,1,1059
,California,06,39 weeks,39,No,2,155415
,California,06,39 weeks,39,Unknown or Not Stated,9,281
,California,06,40 weeks,40,Yes,1,501
,California,06,40 weeks,40,No,2,85504
,California,06,40 weeks,40,Unknown or Not Stated,9,171
,California,06,41 weeks,41,Yes,1,180
,California,06,41 weeks,41,No,2,25748
,California,06,41 weeks,41,Unknown or Not Stated,9,40
,California,06,42 weeks,42,Yes,1,16
,California,06,42 weeks,42,No,2,905
,California,06,43 weeks,43,No,2,33
,California,06,Unknown or Not Stated,99,Yes,1,18
,California,06,Unknown or Not Stated,99,No,2,126
,California,06,Unknown or Not Stated,99,Unknown or Not Stated,9,38
,Colorado,08,19 weeks,19,No,2,10
,Colorado,08,20 weeks,20,No,2,11
,Colorado,08,21 weeks,21,No,2,18
,Colorado,08,22 weeks,22,No,2,12
,Colorado,08,23 weeks,23,No,2,29
,Colorado,08,24 weeks,24,No,2,44
,Colorado,08,25 weeks,25,No,2,51
,Colorado,08,26 weeks,26,No,2,47
,Colorado,08,27 weeks,27,No,2,66
,Colorado,08,28 weeks,28,No,2,81
,Colorado,08,29 weeks,29,No,2,116
,Colorado,08,30 weeks,30,No,2,108
,Colorado,08,31 weeks,31,Yes,1,15
,Colorado,08,31 weeks,31,No,2,166
,Colorado,08,32 weeks,32,Yes,1,22
,Colorado,08,32 weeks,32,No,2,255
,Colorado,08,33 weeks,33,Yes,1,38
,Colorado,08,33 weeks,33,No,2,418
,Colorado,08,34 weeks,34,Yes,1,52
,Colorado,08,34 weeks,34,No,2,869
,Colorado,08,35 weeks,35,Yes,1,75
,Colorado,08,35 weeks,35,No,2,1129
,Colorado,08,36 weeks,36,Yes,1,153
,Colorado,08,36 weeks,36,No,2,2263
,Colorado,08,37 weeks,37,Yes,1,366
,Colorado,08,37 weeks,37,No,2,7111
,Colorado,08,37 weeks,37,Unknown or Not Stated,9,14
,Colorado,08,38 weeks,38,Yes,1,380
,Colorado,08,38 weeks,38,No,2,9505
,Colorado,08,38 weeks,38,Unknown or Not Stated,9,16
,Colorado,08,39 weeks,39,Yes,1,757
,Colorado,08,39 weeks,39,No,2,22533
,Colorado,08,39 weeks,39,Unknown or Not Stated,9,17
,Colorado,08,40 weeks,40,Yes,1,326
,Colorado,08,40 weeks,40,No,2,11931
,Colorado,08,40 weeks,40,Unknown or Not Stated,9,19
,Colorado,08,41 weeks,41,Yes,1,76
,Colorado,08,41 weeks,41,No,2,3499
,Colorado,08,42 weeks,42,No,2,213
,Colorado,08,Unknown or Not Stated,99,No,2,18
,Connecticut,09,20 weeks,20,No,2,12
,Connecticut,09,22 weeks,22,No,2,23
,Connecticut,09,23 weeks,23,No,2,24
,Connecticut,09,24 weeks,24,No,2,12
,Connecticut,09,25 weeks,25,No,2,32
,Connecticut,09,26 weeks,26,No,2,35
,Connecticut,09,27 weeks,27,No,2,51
,Connecticut,09,28 weeks,28,No,2,43
,Connecticut,09,29 weeks,29,No,2,64
,Connecticut,09,30 weeks,30,No,2,73
,Connecticut,09,31 weeks,31,No,2,123
,Connecticut,09,32 weeks,32,No,2,175
,Connecticut,09,33 weeks,33,Yes,1,10
,Connecticut,09,33 weeks,33,No,2,234
,Connecticut,09,34 weeks,34,Yes,1,24
,Connecticut,09,34 weeks,34,No,2,498
,Connecticut,09,35 weeks,35,Yes,1,28
,Connecticut,09,35 weeks,35,No,2,590
,Connecticut,09,36 weeks,36,Yes,1,49
,Connecticut,09,36 weeks,36,No,2,1269
,Connecticut,09,37 weeks,37,Yes,1,138
,Connecticut,09,37 weeks,37,No,2,3793
,Connecticut,09,38 weeks,38,Yes,1,144
,Connecticut,09,38 weeks,38,No,2,5525
,Connecticut,09,39 weeks,39,Yes,1,302
,Connecticut,09,39 weeks,39,No,2,13190
,Connecticut,09,40 weeks,40,Yes,1,103
,Connecticut,09,40 weeks,40,No,2,6779
,Connecticut,09,41 weeks,41,Yes,1,29
,Connecticut,09,41 weeks,41,No,2,2141
,Connecticut,09,42 weeks,42,No,2,61
,Delaware,10,26 weeks,26,No,2,11
,Delaware,10,28 weeks,28,No,2,13
,Delaware,10,29 weeks,29,No,2,21
,Delaware,10,30 weeks,30,No,2,29
,Delaware,10,31 weeks,31,No,2,38
,Delaware,10,32 weeks,32,No,2,58
,Delaware,10,33 weeks,33,No,2,84
,Delaware,10,34 weeks,34,Yes,1,16
,Delaware,10,34 weeks,34,No,2,148
,Delaware,10,35 weeks,35,Yes,1,22
,Delaware,10,35 weeks,35,No,2,219
,Delaware,10,36 weeks,36,Yes,1,31
,Delaware,10,36 weeks,36,No,2,383
,Delaware,10,37 weeks,37,Yes,1,92
,Delaware,10,37 weeks,37,No,2,1336
,Delaware,10,38 weeks,38,Yes,1,87
,Delaware,10,38 weeks,38,No,2,1693
,Delaware,10,38 weeks,38,Unknown or Not Stated,9,14
,Delaware,10,39 weeks,39,Yes,1,183
,Delaware,10,39 weeks,39,No,2,3592
,Delaware,10,39 weeks,39,Unknown or Not Stated,9,12
,Delaware,10,40 weeks,40,Yes,1,73
,Delaware,10,40 weeks,40,No,2,1742
,Delaware,10,41 weeks,41,Yes,1,13
,Delaware,10,41 weeks,41,No,2,457
,Delaware,10,42 weeks,42,No,2,13
,District of Columbia,11,23 weeks,23,No,2,11
,District of Columbia,11,24 weeks,24,No,2,10
,District of Columbia,11,26 weeks,26,No,2,12
,District of Columbia,11,27 weeks,27,No,2,16
,District of Columbia,11,28 weeks,28,No,2,14
,District of Columbia,11,29 weeks,29,No,2,15
,District of Columbia,11,30 weeks,30,No,2,23
,District of Columbia,11,31 weeks,31,No,2,25
,District of Columbia,11,32 weeks,32,No,2,46
,District of Columbia,11,33 weeks,33,No,2,68
,District of Columbia,11,34 weeks,34,No,2,122
,District of Columbia,11,35 weeks,35,No,2,142
,District of Columbia,11,36 weeks,36,Yes,1,11
,District of Columbia,11,36 weeks,36,No,2,303
,District of Columbia,11,37 weeks,37,Yes,1,16
,District of Columbia,11,37 weeks,37,No,2,896
,District of Columbia,11,37 weeks,37,Unknown or Not Stated,9,12
,District of Columbia,11,38 weeks,38,Yes,1,25
,District of Columbia,11,38 weeks,38,No,2,1321
,District of Columbia,11,38 weeks,38,Unknown or Not Stated,9,17
,District of Columbia,11,39 weeks,39,Yes,1,48
,District of Columbia,11,39 weeks,39,No,2,3057
,District of Columbia,11,39 weeks,39,Unknown or Not Stated,9,32
,District of Columbia,11,40 weeks,40,Yes,1,16
,District of Columbia,11,40 weeks,40,No,2,1722
,District of Columbia,11,40 weeks,40,Unknown or Not Stated,9,15
,District of Columbia,11,41 weeks,41,No,2,564
,District of Columbia,11,42 weeks,42,No,2,27
,Florida,12,17 weeks,17,No,2,17
,Florida,12,18 weeks,18,No,2,19
,Florida,12,19 weeks,19,No,2,37
,Florida,12,20 weeks,20,No,2,59
,Florida,12,21 weeks,21,No,2,78
,Florida,12,22 weeks,22,No,2,128
,Florida,12,23 weeks,23,No,2,192
,Florida,12,24 weeks,24,No,2,249
,Florida,12,25 weeks,25,Yes,1,11
,Florida,12,25 weeks,25,No,2,234
,Florida,12,26 weeks,26,Yes,1,14
,Florida,12,26 weeks,26,No,2,275
,Florida,12,27 weeks,27,Yes,1,25
,Florida,12,27 weeks,27,No,2,287
,Florida,12,28 weeks,28,Yes,1,14
,Florida,12,28 weeks,28,No,2,349
,Florida,12,29 weeks,29,Yes,1,21
,Florida,12,29 weeks,29,No,2,420
,Florida,12,30 weeks,30,Yes,1,32
,Florida,12,30 weeks,30,No,2,542
,Florida,12,31 weeks,31,Yes,1,35
,Florida,12,31 weeks,31,No,2,690
,Florida,12,32 weeks,32,Yes,1,60
,Florida,12,32 weeks,32,No,2,1052
,Florida,12,32 weeks,32,Unknown or Not Stated,9,10
,Florida,12,33 weeks,33,Yes,1,90
,Florida,12,33 weeks,33,No,2,1585
,Florida,12,33 weeks,33,Unknown or Not Stated,9,14
,Florida,12,34 weeks,34,Yes,1,152
,Florida,12,34 weeks,34,No,2,3089
,Florida,12,34 weeks,34,Unknown or Not Stated,9,12
,Florida,12,35 weeks,35,Yes,1,240
,Florida,12,35 weeks,35,No,2,4195
,Florida,12,35 weeks,35,Unknown or Not Stated,9,18
,Florida,12,36 weeks,36,Yes,1,413
,Florida,12,36 weeks,36,No,2,8772
,Florida,12,36 weeks,36,Unknown or Not Stated,9,27
,Florida,12,37 weeks,37,Yes,1,894
,Florida,12,37 weeks,37,No,2,24963
,Florida,12,37 weeks,37,Unknown or Not Stated,9,63
,Florida,12,38 weeks,38,Yes,1,1091
,Florida,12,38 weeks,38,No,2,37033
,Florida,12,38 weeks,38,Unknown or Not Stated,9,91
,Florida,12,39 weeks,39,Yes,1,2035
,Florida,12,39 weeks,39,No,2,79681
,Florida,12,39 weeks,39,Unknown or Not Stated,9,182
,Florida,12,40 weeks,40,Yes,1,843
,Florida,12,40 weeks,40,No,2,36179
,Florida,12,40 weeks,40,Unknown or Not Stated,9,81
,Florida,12,41 weeks,41,Yes,1,207
,Florida,12,41 weeks,41,No,2,8727
,Florida,12,41 weeks,41,Unknown or Not Stated,9,25
,Florida,12,42 weeks,42,Yes,1,11
,Florida,12,42 weeks,42,No,2,358
,Florida,12,43 weeks,43,No,2,21
,Florida,12,44 weeks,44,No,2,13
,Florida,12,Unknown or Not Stated,99,Yes,1,18
,Florida,12,Unknown or Not Stated,99,No,2,129
,Florida,12,Unknown or Not Stated,99,Unknown or Not Stated,9,94
,Georgia,13,18 weeks,18,No,2,14
,Georgia,13,19 weeks,19,No,2,21
,Georgia,13,20 weeks,20,No,2,28
,Georgia,13,21 weeks,21,No,2,57
,Georgia,13,22 weeks,22,No,2,75
,Georgia,13,23 weeks,23,No,2,106
,Georgia,13,24 weeks,24,No,2,136
,Georgia,13,25 weeks,25,Yes,1,12
,Georgia,13,25 weeks,25,No,2,190
,Georgia,13,26 weeks,26,No,2,183
,Georgia,13,27 weeks,27,Yes,1,11
,Georgia,13,27 weeks,27,No,2,211
,Georgia,13,28 weeks,28,Yes,1,13
,Georgia,13,28 weeks,28,No,2,254
,Georgia,13,29 weeks,29,Yes,1,19
,Georgia,13,29 weeks,29,No,2,277
,Georgia,13,30 weeks,30,Yes,1,21
,Georgia,13,30 weeks,30,No,2,362
,Georgia,13,31 weeks,31,Yes,1,18
,Georgia,13,31 weeks,31,No,2,441
,Georgia,13,32 weeks,32,Yes,1,34
,Georgia,13,32 weeks,32,No,2,640
,Georgia,13,33 weeks,33,Yes,1,60
,Georgia,13,33 weeks,33,No,2,993
,Georgia,13,34 weeks,34,Yes,1,107
,Georgia,13,34 weeks,34,No,2,1953
,Georgia,13,35 weeks,35,Yes,1,146
,Georgia,13,35 weeks,35,No,2,2561
,Georgia,13,36 weeks,36,Yes,1,255
,Georgia,13,36 weeks,36,No,2,5478
,Georgia,13,36 weeks,36,Unknown or Not Stated,9,11
,Georgia,13,37 weeks,37,Yes,1,661
,Georgia,13,37 weeks,37,No,2,14768
,Georgia,13,37 weeks,37,Unknown or Not Stated,9,28
,Georgia,13,38 weeks,38,Yes,1,851
,Georgia,13,38 weeks,38,No,2,21527
,Georgia,13,38 weeks,38,Unknown or Not Stated,9,50
,Georgia,13,39 weeks,39,Yes,1,1550
,Georgia,13,39 weeks,39,No,2,45151
,Georgia,13,39 weeks,39,Unknown or Not Stated,9,91
,Georgia,13,40 weeks,40,Yes,1,453
,Georgia,13,40 weeks,40,No,2,19535
,Georgia,13,40 weeks,40,Unknown or Not Stated,9,29
,Georgia,13,41 weeks,41,Yes,1,77
,Georgia,13,41 weeks,41,No,2,4303
,Georgia,13,42 weeks,42,No,2,173
,Georgia,13,43 weeks,43,No,2,15
,Georgia,13,Unknown or Not Stated,99,No,2,42
,Hawaii,15,22 weeks,22,No,2,10
,Hawaii,15,23 weeks,23,No,2,10
,Hawaii,15,24 weeks,24,No,2,13
,Hawaii,15,25 weeks,25,No,2,10
,Hawaii,15,26 weeks,26,No,2,21
,Hawaii,15,27 weeks,27,No,2,17
,Hawaii,15,28 weeks,28,No,2,21
,Hawaii,15,29 weeks,29,No,2,20
,Hawaii,15,30 weeks,30,No,2,50
,Hawaii,15,31 weeks,31,No,2,50
,Hawaii,15,32 weeks,32,No,2,72
,Hawaii,15,33 weeks,33,No,2,120
,Hawaii,15,34 weeks,34,No,2,215
,Hawaii,15,35 weeks,35,No,2,287
,Hawaii,15,36 weeks,36,Yes,1,20
,Hawaii,15,36 weeks,36,No,2,608
,Hawaii,15,36 weeks,36,Unknown or Not Stated,9,15
,Hawaii,15,37 weeks,37,Yes,1,27
,Hawaii,15,37 weeks,37,No,2,1679
,Hawaii,15,37 weeks,37,Unknown or Not Stated,9,21
,Hawaii,15,38 weeks,38,Yes,1,67
,Hawaii,15,38 weeks,38,No,2,2681
,Hawaii,15,38 weeks,38,Unknown or Not Stated,9,53
,Hawaii,15,39 weeks,39,Yes,1,82
,Hawaii,15,39 weeks,39,No,2,5314
,Hawaii,15,39 weeks,39,Unknown or Not Stated,9,115
,Hawaii,15,40 weeks,40,Yes,1,30
,Hawaii,15,40 weeks,40,No,2,2943
,Hawaii,15,40 weeks,40,Unknown or Not Stated,9,47
,Hawaii,15,41 weeks,41,Yes,1,12
,Hawaii,15,41 weeks,41,No,2,842
,Hawaii,15,41 weeks,41,Unknown or Not Stated,9,21
,Hawaii,15,42 weeks,42,No,2,65
,Idaho,16,21 weeks,21,No,2,10
,Idaho,16,23 weeks,23,No,2,13
,Idaho,16,24 weeks,24,No,2,10
,Idaho,16,25 weeks,25,No,2,16
,Idaho,16,26 weeks,26,No,2,11
,Idaho,16,27 weeks,27,No,2,21
,Idaho,16,28 weeks,28,No,2,24
,Idaho,16,29 weeks,29,No,2,40
,Idaho,16,30 weeks,30,No,2,43
,Idaho,16,31 weeks,31,No,2,46
,Idaho,16,32 weeks,32,No,2,84
,Idaho,16,33 weeks,33,Yes,1,14
,Idaho,16,33 weeks,33,No,2,132
,Idaho,16,34 weeks,34,Yes,1,20
,Idaho,16,34 weeks,34,No,2,266
,Idaho,16,35 weeks,35,Yes,1,34
,Idaho,16,35 weeks,35,No,2,398
,Idaho,16,36 weeks,36,Yes,1,60
,Idaho,16,36 weeks,36,No,2,725
,Idaho,16,37 weeks,37,Yes,1,141
,Idaho,16,37 weeks,37,No,2,2068
,Idaho,16,38 weeks,38,Yes,1,243
,Idaho,16,38 weeks,38,No,2,3386
,Idaho,16,39 weeks,39,Yes,1,489
,Idaho,16,39 weeks,39,No,2,8492
,Idaho,16,39 weeks,39,Unknown or Not Stated,9,25
,Idaho,16,40 weeks,40,Yes,1,168
,Idaho,16,40 weeks,40,No,2,4081
,Idaho,16,40 weeks,40,Unknown or Not Stated,9,17
,Idaho,16,41 weeks,41,Yes,1,43
,Idaho,16,41 weeks,41,No,2,1150
,Idaho,16,42 weeks,42,No,2,73
,Illinois,17,18 weeks,18,No,2,26
,Illinois,17,19 weeks,19,No,2,20
,Illinois,17,20 weeks,20,No,2,27
,Illinois,17,21 weeks,21,No,2,39
,Illinois,17,22 weeks,22,No,2,50
,Illinois,17,23 weeks,23,No,2,78
,Illinois,17,24 weeks,24,No,2,107
,Illinois,17,25 weeks,25,No,2,104
,Illinois,17,26 weeks,26,Yes,1,12
,Illinois,17,26 weeks,26,No,2,144
,Illinois,17,27 weeks,27,No,2,136
,Illinois,17,28 weeks,28,Yes,1,18
,Illinois,17,28 weeks,28,No,2,180
,Illinois,17,29 weeks,29,Yes,1,15
,Illinois,17,29 weeks,29,No,2,255
,Illinois,17,30 weeks,30,Yes,1,34
,Illinois,17,30 weeks,30,No,2,295
,Illinois,17,31 weeks,31,Yes,1,26
,Illinois,17,31 weeks,31,No,2,407
,Illinois,17,32 weeks,32,Yes,1,62
,Illinois,17,32 weeks,32,No,2,562
,Illinois,17,32 weeks,32,Unknown or Not Stated,9,12
,Illinois,17,33 weeks,33,Yes,1,64
,Illinois,17,33 weeks,33,No,2,959
,Illinois,17,34 weeks,34,Yes,1,152
,Illinois,17,34 weeks,34,No,2,1965
,Illinois,17,35 weeks,35,Yes,1,192
,Illinois,17,35 weeks,35,No,2,2418
,Illinois,17,36 weeks,36,Yes,1,389
,Illinois,17,36 weeks,36,No,2,5346
,Illinois,17,36 weeks,36,Unknown or Not Stated,9,10
,Illinois,17,37 weeks,37,Yes,1,891
,Illinois,17,37 weeks,37,No,2,14751
,Illinois,17,37 weeks,37,Unknown or Not Stated,9,41
,Illinois,17,38 weeks,38,Yes,1,1039
,Illinois,17,38 weeks,38,No,2,21879
,Illinois,17,38 weeks,38,Unknown or Not Stated,9,45
,Illinois,17,39 weeks,39,Yes,1,2165
,Illinois,17,39 weeks,39,No,2,52296
,Illinois,17,39 weeks,39,Unknown or Not Stated,9,98
,Illinois,17,40 weeks,40,Yes,1,611
,Illinois,17,40 weeks,40,No,2,19918
,Illinois,17,40 weeks,40,Unknown or Not Stated,9,38
,Illinois,17,41 weeks,41,Yes,1,114
,Illinois,17,41 weeks,41,No,2,3890
,Illinois,17,41 weeks,41,Unknown or Not Stated,9,13
,Illinois,17,42 weeks,42,No,2,138
,Illinois,17,Unknown or Not Stated,99,Yes,1,17
,Illinois,17,Unknown or Not Stated,99,No,2,33
,Indiana,18,19 weeks,19,No,2,14
,Indiana,18,20 weeks,20,No,2,18
,Indiana,18,21 weeks,21,No,2,30
,Indiana,18,22 weeks,22,No,2,29
,Indiana,18,23 weeks,23,No,2,38
,Indiana,18,24 weeks,24,No,2,51
,Indiana,18,25 weeks,25,Yes,1,11
,Indiana,18,25 weeks,25,No,2,60
,Indiana,18,26 weeks,26,Yes,1,13
,Indiana,18,26 weeks,26,No,2,73
,Indiana,18,27 weeks,27,Yes,1,14
,Indiana,18,27 weeks,27,No,2,107
,Indiana,18,28 weeks,28,Yes,1,20
,Indiana,18,28 weeks,28,No,2,105
,Indiana,18,29 weeks,29,No,2,109
,Indiana,18,30 weeks,30,Yes,1,36
,Indiana,18,30 weeks,30,No,2,166
,Indiana,18,31 weeks,31,Yes,1,35
,Indiana,18,31 weeks,31,No,2,221
,Indiana,18,32 weeks,32,Yes,1,47
,Indiana,18,32 weeks,32,No,2,352
,Indiana,18,33 weeks,33,Yes,1,87
,Indiana,18,33 weeks,33,No,2,519
,Indiana,18,34 weeks,34,Yes,1,182
,Indiana,18,34 weeks,34,No,2,1102
,Indiana,18,35 weeks,35,Yes,1,222
,Indiana,18,35 weeks,35,No,2,1481
,Indiana,18,36 weeks,36,Yes,1,406
,Indiana,18,36 weeks,36,No,2,3053
,Indiana,18,37 weeks,37,Yes,1,1044
,Indiana,18,37 weeks,37,No,2,9023
,Indiana,18,37 weeks,37,Unknown or Not Stated,9,32
,Indiana,18,38 weeks,38,Yes,1,1240
,Indiana,18,38 weeks,38,No,2,12296
,Indiana,18,38 weeks,38,Unknown or Not Stated,9,25
,Indiana,18,39 weeks,39,Yes,1,2817
,Indiana,18,39 weeks,39,No,2,29088
,Indiana,18,39 weeks,39,Unknown or Not Stated,9,41
,Indiana,18,40 weeks,40,Yes,1,835
,Indiana,18,40 weeks,40,No,2,12068
,Indiana,18,40 weeks,40,Unknown or Not Stated,9,26
,Indiana,18,41 weeks,41,Yes,1,133
,Indiana,18,41 weeks,41,No,2,2386
,Indiana,18,42 weeks,42,Yes,1,11
,Indiana,18,42 weeks,42,No,2,161
,Indiana,18,43 weeks,43,No,2,13
,Indiana,18,Unknown or Not Stated,99,No,2,11
,Iowa,19,21 weeks,21,No,2,10
,Iowa,19,22 weeks,22,No,2,16
,Iowa,19,23 weeks,23,No,2,26
,Iowa,19,24 weeks,24,No,2,11
,Iowa,19,25 weeks,25,No,2,28
,Iowa,19,26 weeks,26,No,2,32
,Iowa,19,27 weeks,27,No,2,43
,Iowa,19,28 weeks,28,No,2,48
,Iowa,19,29 weeks,29,No,2,41
,Iowa,19,30 weeks,30,Yes,1,15
,Iowa,19,30 weeks,30,No,2,70
,Iowa,19,31 weeks,31,Yes,1,12
,Iowa,19,31 weeks,31,No,2,83
,Iowa,19,32 weeks,32,Yes,1,29
,Iowa,19,32 weeks,32,No,2,142
,Iowa,19,33 weeks,33,Yes,1,31
,Iowa,19,33 weeks,33,No,2,205
,Iowa,19,34 weeks,34,Yes,1,56
,Iowa,19,34 weeks,34,No,2,442
,Iowa,19,35 weeks,35,Yes,1,73
,Iowa,19,35 weeks,35,No,2,618
,Iowa,19,36 weeks,36,Yes,1,180
,Iowa,19,36 weeks,36,No,2,1417
,Iowa,19,37 weeks,37,Yes,1,446
,Iowa,19,37 weeks,37,No,2,3821
,Iowa,19,38 weeks,38,Yes,1,597
,Iowa,19,38 weeks,38,No,2,5486
,Iowa,19,39 weeks,39,Yes,1,1293
,Iowa,19,39 weeks,39,No,2,13676
,Iowa,19,40 weeks,40,Yes,1,375
,Iowa,19,40 weeks,40,No,2,5842
,Iowa,19,41 weeks,41,Yes,1,63
,Iowa,19,41 weeks,41,No,2,1423
,Iowa,19,42 weeks,42,No,2,70
,Iowa,19,Unknown or Not Stated,99,No,2,16
,Kansas,20,21 weeks,21,No,2,13
,Kansas,20,22 weeks,22,No,2,15
,Kansas,20,24 weeks,24,No,2,18
,Kansas,20,25 weeks,25,No,2,30
,Kansas,20,26 weeks,26,No,2,32
,Kansas,20,27 weeks,27,No,2,43
,Kansas,20,28 weeks,28,No,2,38
,Kansas,20,29 weeks,29,No,2,54
,Kansas,20,30 weeks,30,Yes,1,11
,Kansas,20,30 weeks,30,No,2,80
,Kansas,20,31 weeks,31,No,2,79
,Kansas,20,32 weeks,32,No,2,140
,Kansas,20,33 weeks,33,Yes,1,23
,Kansas,20,33 weeks,33,No,2,210
,Kansas,20,34 weeks,34,Yes,1,51
,Kansas,20,34 weeks,34,No,2,440
,Kansas,20,35 weeks,35,Yes,1,66
,Kansas,20,35 weeks,35,No,2,620
,Kansas,20,36 weeks,36,Yes,1,128
,Kansas,20,36 weeks,36,No,2,1229
,Kansas,20,37 weeks,37,Yes,1,355
,Kansas,20,37 weeks,37,No,2,3738
,Kansas,20,37 weeks,37,Unknown or Not Stated,9,22
,Kansas,20,38 weeks,38,Yes,1,424
,Kansas,20,38 weeks,38,No,2,5434
,Kansas,20,38 weeks,38,Unknown or Not Stated,9,21
,Kansas,20,39 weeks,39,Yes,1,972
,Kansas,20,39 weeks,39,No,2,13331
,Kansas,20,39 weeks,39,Unknown or Not Stated,9,65
,Kansas,20,40 weeks,40,Yes,1,285
,Kansas,20,40 weeks,40,No,2,5567
,Kansas,20,40 weeks,40,Unknown or Not Stated,9,31
,Kansas,20,41 weeks,41,Yes,1,37
,Kansas,20,41 weeks,41,No,2,918
,Kansas,20,42 weeks,42,No,2,66
,Kansas,20,Unknown or Not Stated,99,No,2,16
,Kentucky,21,19 weeks,19,No,2,10
,Kentucky,21,21 weeks,21,No,2,14
,Kentucky,21,22 weeks,22,No,2,19
,Kentucky,21,23 weeks,23,No,2,24
,Kentucky,21,24 weeks,24,No,2,43
,Kentucky,21,25 weeks,25,Yes,1,14
,Kentucky,21,25 weeks,25,No,2,43
,Kentucky,21,26 weeks,26,No,2,59
,Kentucky,21,27 weeks,27,Yes,1,15
,Kentucky,21,27 weeks,27,No,2,64
,Kentucky,21,28 weeks,28,Yes,1,28
,Kentucky,21,28 weeks,28,No,2,82
,Kentucky,21,29 weeks,29,Yes,1,20
,Kentucky,21,29 weeks,29,No,2,100
,Kentucky,21,30 weeks,30,Yes,1,34
,Kentucky,21,30 weeks,30,No,2,136
,Kentucky,21,31 weeks,31,Yes,1,31
,Kentucky,21,31 weeks,31,No,2,147
,Kentucky,21,32 weeks,32,Yes,1,50
,Kentucky,21,32 weeks,32,No,2,260
,Kentucky,21,33 weeks,33,Yes,1,88
,Kentucky,21,33 weeks,33,No,2,390
,Kentucky,21,34 weeks,34,Yes,1,139
,Kentucky,21,34 weeks,34,No,2,707
,Kentucky,21,35 weeks,35,Yes,1,189
,Kentucky,21,35 weeks,35,No,2,961
,Kentucky,21,36 weeks,36,Yes,1,408
,Kentucky,21,36 weeks,36,No,2,2093
,Kentucky,21,36 weeks,36,Unknown or Not Stated,9,11
,Kentucky,21,37 weeks,37,Yes,1,993
,Kentucky,21,37 weeks,37,No,2,6288
,Kentucky,21,37 weeks,37,Unknown or Not Stated,9,32
,Kentucky,21,38 weeks,38,Yes,1,1258
,Kentucky,21,38 weeks,38,No,2,8008
,Kentucky,21,38 weeks,38,Unknown or Not Stated,9,33
,Kentucky,21,39 weeks,39,Yes,1,2549
,Kentucky,21,39 weeks,39,No,2,18248
,Kentucky,21,39 weeks,39,Unknown or Not Stated,9,71
,Kentucky,21,40 weeks,40,Yes,1,683
,Kentucky,21,40 weeks,40,No,2,6409
,Kentucky,21,40 weeks,40,Unknown or Not Stated,9,31
,Kentucky,21,41 weeks,41,Yes,1,73
,Kentucky,21,41 weeks,41,No,2,1161
,Kentucky,21,42 weeks,42,No,2,89
,Kentucky,21,43 weeks,43,No,2,11
,Louisiana,22,20 weeks,20,No,2,15
,Louisiana,22,21 weeks,21,No,2,15
,Louisiana,22,22 weeks,22,No,2,33
,Louisiana,22,23 weeks,23,No,2,75
,Louisiana,22,24 weeks,24,No,2,55
,Louisiana,22,25 weeks,25,No,2,82
,Louisiana,22,26 weeks,26,No,2,87
,Louisiana,22,27 weeks,27,No,2,113
,Louisiana,22,28 weeks,28,No,2,129
,Louisiana,22,29 weeks,29,No,2,146
,Louisiana,22,30 weeks,30,Yes,1,15
,Louisiana,22,30 weeks,30,No,2,163
,Louisiana,22,31 weeks,31,Yes,1,17
,Louisiana,22,31 weeks,31,No,2,225
,Louisiana,22,32 weeks,32,Yes,1,14
,Louisiana,22,32 weeks,32,No,2,350
,Louisiana,22,33 weeks,33,Yes,1,39
,Louisiana,22,33 weeks,33,No,2,448
,Louisiana,22,33 weeks,33,Unknown or Not Stated,9,10
,Louisiana,22,34 weeks,34,Yes,1,49
,Louisiana,22,34 weeks,34,No,2,896
,Louisiana,22,34 weeks,34,Unknown or Not Stated,9,20
,Louisiana,22,35 weeks,35,Yes,1,90
,Louisiana,22,35 weeks,35,No,2,1446
,Louisiana,22,35 weeks,35,Unknown or Not Stated,9,20
,Louisiana,22,36 weeks,36,Yes,1,170
,Louisiana,22,36 weeks,36,No,2,2912
,Louisiana,22,36 weeks,36,Unknown or Not Stated,9,51
,Louisiana,22,37 weeks,37,Yes,1,415
,Louisiana,22,37 weeks,37,No,2,7482
,Louisiana,22,37 weeks,37,Unknown or Not Stated,9,91
,Louisiana,22,38 weeks,38,Yes,1,519
,Louisiana,22,38 weeks,38,No,2,10382
,Louisiana,22,38 weeks,38,Unknown or Not Stated,9,124
,Louisiana,22,39 weeks,39,Yes,1,896
,Louisiana,22,39 weeks,39,No,2,21741
,Louisiana,22,39 weeks,39,Unknown or Not Stated,9,224
,Louisiana,22,40 weeks,40,Yes,1,181
,Louisiana,22,40 weeks,40,No,2,6506
,Louisiana,22,40 weeks,40,Unknown or Not Stated,9,43
,Louisiana,22,41 weeks,41,Yes,1,30
,Louisiana,22,41 weeks,41,No,2,958
,Louisiana,22,41 weeks,41,Unknown or Not Stated,9,10
,Louisiana,22,42 weeks,42,No,2,34
,Louisiana,22,Unknown or Not Stated,99,Yes,1,10
,Louisiana,22,Unknown or Not Stated,99,No,2,21
,Maine,23,27 weeks,27,No,2,10
,Maine,23,28 weeks,28,No,2,13
,Maine,23,29 weeks,29,No,2,19
,Maine,23,30 weeks,30,No,2,25
,Maine,23,31 weeks,31,No,2,39
,Maine,23,32 weeks,32,No,2,42
,Maine,23,33 weeks,33,Yes,1,23
,Maine,23,33 weeks,33,No,2,48
,Maine,23,34 weeks,34,Yes,1,21
,Maine,23,34 weeks,34,No,2,136
,Maine,23,35 weeks,35,Yes,1,28
,Maine,23,35 weeks,35,No,2,195
,Maine,23,36 weeks,36,Yes,1,62
,Maine,23,36 weeks,36,No,2,384
,Maine,23,37 weeks,37,Yes,1,181
,Maine,23,37 weeks,37,No,2,1115
,Maine,23,38 weeks,38,Yes,1,232
,Maine,23,38 weeks,38,No,2,1737
,Maine,23,39 weeks,39,Yes,1,402
,Maine,23,39 weeks,39,No,2,4049
,Maine,23,40 weeks,40,Yes,1,168
,Maine,23,40 weeks,40,No,2,2036
,Maine,23,41 weeks,41,Yes,1,47
,Maine,23,41 weeks,41,No,2,826
,Maine,23,42 weeks,42,No,2,70
,Maryland,24,18 weeks,18,No,2,12
,Maryland,24,19 weeks,19,No,2,16
,Maryland,24,20 weeks,20,No,2,20
,Maryland,24,21 weeks,21,No,2,25
,Maryland,24,22 weeks,22,No,2,39
,Maryland,24,23 weeks,23,No,2,59
,Maryland,24,24 weeks,24,No,2,64
,Maryland,24,25 weeks,25,No,2,66
,Maryland,24,26 weeks,26,No,2,64
,Maryland,24,27 weeks,27,No,2,85
,Maryland,24,28 weeks,28,No,2,121
,Maryland,24,29 weeks,29,Yes,1,14
,Maryland,24,29 weeks,29,No,2,142
,Maryland,24,30 weeks,30,No,2,172
,Maryland,24,31 weeks,31,Yes,1,14
,Maryland,24,31 weeks,31,No,2,201
,Maryland,24,32 weeks,32,Yes,1,20
,Maryland,24,32 weeks,32,No,2,360
,Maryland,24,33 weeks,33,Yes,1,24
,Maryland,24,33 weeks,33,No,2,486
,Maryland,24,34 weeks,34,Yes,1,50
,Maryland,24,34 weeks,34,No,2,940
,Maryland,24,35 weeks,35,Yes,1,80
,Maryland,24,35 weeks,35,No,2,1311
,Maryland,24,36 weeks,36,Yes,1,152
,Maryland,24,36 weeks,36,No,2,2694
,Maryland,24,36 weeks,36,Unknown or Not Stated,9,11
,Maryland,24,37 weeks,37,Yes,1,344
,Maryland,24,37 weeks,37,No,2,7682
,Maryland,24,37 weeks,37,Unknown or Not Stated,9,21
,Maryland,24,38 weeks,38,Yes,1,413
,Maryland,24,38 weeks,38,No,2,11005
,Maryland,24,38 weeks,38,Unknown or Not Stated,9,37
,Maryland,24,39 weeks,39,Yes,1,740
,Maryland,24,39 weeks,39,No,2,23475
,Maryland,24,39 weeks,39,Unknown or Not Stated,9,84
,Maryland,24,40 weeks,40,Yes,1,279
,Maryland,24,40 weeks,40,No,2,12816
,Maryland,24,40 weeks,40,Unknown or Not Stated,9,44
,Maryland,24,41 weeks,41,Yes,1,85
,Maryland,24,41 weeks,41,No,2,3759
,Maryland,24,41 weeks,41,Unknown or Not Stated,9,12
,Maryland,24,42 weeks,42,No,2,137
,Maryland,24,Unknown or Not Stated,99,No,2,33
,Massachusetts,25,20 weeks,20,No,2,10
,Massachusetts,25,21 weeks,21,No,2,15
,Massachusetts,25,22 weeks,22,No,2,17
,Massachusetts,25,23 weeks,23,No,2,31
,Massachusetts,25,24 weeks,24,No,2,56
,Massachusetts,25,25 weeks,25,No,2,42
,Massachusetts,25,26 weeks,26,No,2,58
,Massachusetts,25,27 weeks,27,No,2,78
,Massachusetts,25,28 weeks,28,No,2,74
,Massachusetts,25,29 weeks,29,No,2,98
,Massachusetts,25,30 weeks,30,Yes,1,12
,Massachusetts,25,30 weeks,30,No,2,132
,Massachusetts,25,31 weeks,31,No,2,172
,Massachusetts,25,32 weeks,32,Yes,1,17
,Massachusetts,25,32 weeks,32,No,2,296
,Massachusetts,25,33 weeks,33,Yes,1,11
,Massachusetts,25,33 weeks,33,No,2,424
,Massachusetts,25,34 weeks,34,Yes,1,44
,Massachusetts,25,34 weeks,34,No,2,913
,Massachusetts,25,35 weeks,35,Yes,1,43
,Massachusetts,25,35 weeks,35,No,2,1131
,Massachusetts,25,36 weeks,36,Yes,1,111
,Massachusetts,25,36 weeks,36,No,2,2347
,Massachusetts,25,37 weeks,37,Yes,1,240
,Massachusetts,25,37 weeks,37,No,2,7093
,Massachusetts,25,38 weeks,38,Yes,1,341
,Massachusetts,25,38 weeks,38,No,2,10235
,Massachusetts,25,39 weeks,39,Yes,1,638
,Massachusetts,25,39 weeks,39,No,2,24075
,Massachusetts,25,40 weeks,40,Yes,1,306
,Massachusetts,25,40 weeks,40,No,2,14188
,Massachusetts,25,41 weeks,41,Yes,1,103
,Massachusetts,25,41 weeks,41,No,2,4993
,Massachusetts,25,42 weeks,42,No,2,203
,Massachusetts,25,Unknown or Not Stated,99,No,2,515
,Michigan,26,18 weeks,18,No,2,21
,Michigan,26,19 weeks,19,No,2,31
,Michigan,26,20 weeks,20,No,2,38
,Michigan,26,21 weeks,21,Yes,1,12
,Michigan,26,21 weeks,21,No,2,32
,Michigan,26,22 weeks,22,No,2,37
,Michigan,26,23 weeks,23,Yes,1,13
,Michigan,26,23 weeks,23,No,2,90
,Michigan,26,24 weeks,24,No,2,95
,Michigan,26,25 weeks,25,Yes,1,13
,Michigan,26,25 weeks,25,No,2,94
,Michigan,26,26 weeks,26,Yes,1,16
,Michigan,26,26 weeks,26,No,2,98
,Michigan,26,27 weeks,27,Yes,1,18
,Michigan,26,27 weeks,27,No,2,110
,Michigan,26,28 weeks,28,Yes,1,15
,Michigan,26,28 weeks,28,No,2,138
,Michigan,26,29 weeks,29,Yes,1,25
,Michigan,26,29 weeks,29,No,2,193
,Michigan,26,30 weeks,30,Yes,1,44
,Michigan,26,30 weeks,30,No,2,232
,Michigan,26,31 weeks,31,Yes,1,46
,Michigan,26,31 weeks,31,No,2,289
,Michigan,26,32 weeks,32,Yes,1,51
,Michigan,26,32 weeks,32,No,2,447
,Michigan,26,33 weeks,33,Yes,1,83
,Michigan,26,33 weeks,33,No,2,676
,Michigan,26,34 weeks,34,Yes,1,170
,Michigan,26,34 weeks,34,No,2,1583
,Michigan,26,34 weeks,34,Unknown or Not Stated,9,13
,Michigan,26,35 weeks,35,Yes,1,238
,Michigan,26,35 weeks,35,No,2,1825
,Michigan,26,35 weeks,35,Unknown or Not Stated,9,27
,Michigan,26,36 weeks,36,Yes,1,426
,Michigan,26,36 weeks,36,No,2,3764
,Michigan,26,36 weeks,36,Unknown or Not Stated,9,43
,Michigan,26,37 weeks,37,Yes,1,1141
,Michigan,26,37 weeks,37,No,2,10849
,Michigan,26,37 weeks,37,Unknown or Not Stated,9,91
,Michigan,26,38 weeks,38,Yes,1,1495
,Michigan,26,38 weeks,38,No,2,15559
,Michigan,26,38 weeks,38,Unknown or Not Stated,9,126
,Michigan,26,39 weeks,39,Yes,1,3216
,Michigan,26,39 weeks,39,No,2,35672
,Michigan,26,39 weeks,39,Unknown or Not Stated,9,254
,Michigan,26,40 weeks,40,Yes,1,1229
,Michigan,26,40 weeks,40,No,2,18319
,Michigan,26,40 weeks,40,Unknown or Not Stated,9,134
,Michigan,26,41 weeks,41,Yes,1,316
,Michigan,26,41 weeks,41,No,2,4999
,Michigan,26,41 weeks,41,Unknown or Not Stated,9,40
,Michigan,26,42 weeks,42,Yes,1,13
,Michigan,26,42 weeks,42,No,2,295
,Michigan,26,43 weeks,43,No,2,20
,Michigan,26,Unknown or Not Stated,99,Yes,1,23
,Michigan,26,Unknown or Not Stated,99,No,2,54
,Minnesota,27,19 weeks,19,No,2,11
,Minnesota,27,20 weeks,20,No,2,16
,Minnesota,27,21 weeks,21,No,2,20
,Minnesota,27,22 weeks,22,No,2,34
,Minnesota,27,23 weeks,23,No,2,32
,Minnesota,27,24 weeks,24,No,2,48
,Minnesota,27,25 weeks,25,No,2,42
,Minnesota,27,26 weeks,26,No,2,46
,Minnesota,27,27 weeks,27,No,2,63
,Minnesota,27,28 weeks,28,No,2,84
,Minnesota,27,29 weeks,29,Yes,1,12
,Minnesota,27,29 weeks,29,No,2,98
,Minnesota,27,30 weeks,30,Yes,1,14
,Minnesota,27,30 weeks,30,No,2,131
,Minnesota,27,31 weeks,31,Yes,1,20
,Minnesota,27,31 weeks,31,No,2,190
,Minnesota,27,32 weeks,32,Yes,1,24
,Minnesota,27,32 weeks,32,No,2,274
,Minnesota,27,33 weeks,33,Yes,1,43
,Minnesota,27,33 weeks,33,No,2,352
,Minnesota,27,34 weeks,34,Yes,1,73
,Minnesota,27,34 weeks,34,No,2,865
,Minnesota,27,35 weeks,35,Yes,1,102
,Minnesota,27,35 weeks,35,No,2,1005
,Minnesota,27,36 weeks,36,Yes,1,188
,Minnesota,27,36 weeks,36,No,2,2345
,Minnesota,27,37 weeks,37,Yes,1,489
,Minnesota,27,37 weeks,37,No,2,6272
,Minnesota,27,37 weeks,37,Unknown or Not Stated,9,13
,Minnesota,27,38 weeks,38,Yes,1,624
,Minnesota,27,38 weeks,38,No,2,9380
,Minnesota,27,39 weeks,39,Yes,1,1362
,Minnesota,27,39 weeks,39,No,2,23188
,Minnesota,27,39 weeks,39,Unknown or Not Stated,9,26
,Minnesota,27,40 weeks,40,Yes,1,442
,Minnesota,27,40 weeks,40,No,2,11640
,Minnesota,27,41 weeks,41,Yes,1,134
,Minnesota,27,41 weeks,41,No,2,4246
,Minnesota,27,42 weeks,42,No,2,311
,Minnesota,27,43 weeks,43,No,2,19
,Minnesota,27,Unknown or Not Stated,99,Yes,1,10
,Minnesota,27,Unknown or Not Stated,99,No,2,46
,Mississippi,28,20 weeks,20,No,2,13
,Mississippi,28,21 weeks,21,No,2,18
,Mississippi,28,22 weeks,22,No,2,29
,Mississippi,28,23 weeks,23,No,2,42
,Mississippi,28,24 weeks,24,No,2,55
,Mississippi,28,25 weeks,25,No,2,38
,Mississippi,28,26 weeks,26,No,2,68
,Mississippi,28,27 weeks,27,No,2,54
,Mississippi,28,28 weeks,28,No,2,74
,Mississippi,28,29 weeks,29,No,2,91
,Mississippi,28,30 weeks,30,Yes,1,16
,Mississippi,28,30 weeks,30,No,2,116
,Mississippi,28,31 weeks,31,Yes,1,20
,Mississippi,28,31 weeks,31,No,2,146
,Mississippi,28,32 weeks,32,Yes,1,26
,Mississippi,28,32 weeks,32,No,2,220
,Mississippi,28,33 weeks,33,Yes,1,23
,Mississippi,28,33 weeks,33,No,2,342
,Mississippi,28,34 weeks,34,Yes,1,65
,Mississippi,28,34 weeks,34,No,2,618
,Mississippi,28,35 weeks,35,Yes,1,85
,Mississippi,28,35 weeks,35,No,2,1003
,Mississippi,28,36 weeks,36,Yes,1,186
,Mississippi,28,36 weeks,36,No,2,1845
,Mississippi,28,37 weeks,37,Yes,1,337
,Mississippi,28,37 weeks,37,No,2,4540
,Mississippi,28,37 weeks,37,Unknown or Not Stated,9,14
,Mississippi,28,38 weeks,38,Yes,1,461
,Mississippi,28,38 weeks,38,No,2,6265
,Mississippi,28,38 weeks,38,Unknown or Not Stated,9,10
,Mississippi,28,39 weeks,39,Yes,1,883
,Mississippi,28,39 weeks,39,No,2,13218
,Mississippi,28,39 weeks,39,Unknown or Not Stated,9,18
,Mississippi,28,40 weeks,40,Yes,1,214
,Mississippi,28,40 weeks,40,No,2,3404
,Mississippi,28,41 weeks,41,Yes,1,30
,Mississippi,28,41 weeks,41,No,2,443
,Mississippi,28,42 weeks,42,No,2,37
,Mississippi,28,Unknown or Not Stated,99,No,2,11
,Missouri,29,20 weeks,20,No,2,11
,Missouri,29,21 weeks,21,No,2,14
,Missouri,29,22 weeks,22,No,2,32
,Missouri,29,23 weeks,23,No,2,39
,Missouri,29,24 weeks,24,No,2,45
,Missouri,29,25 weeks,25,No,2,63
,Missouri,29,26 weeks,26,Yes,1,13
,Missouri,29,26 weeks,26,No,2,63
,Missouri,29,27 weeks,27,Yes,1,18
,Missouri,29,27 weeks,27,No,2,85
,Missouri,29,28 weeks,28,Yes,1,13
,Missouri,29,28 weeks,28,No,2,91
,Missouri,29,29 weeks,29,Yes,1,18
,Missouri,29,29 weeks,29,No,2,113
,Missouri,29,30 weeks,30,Yes,1,25
,Missouri,29,30 weeks,30,No,2,144
,Missouri,29,31 weeks,31,Yes,1,30
,Missouri,29,31 weeks,31,No,2,174
,Missouri,29,32 weeks,32,Yes,1,42
,Missouri,29,32 weeks,32,No,2,315
,Missouri,29,33 weeks,33,Yes,1,68
,Missouri,29,33 weeks,33,No,2,436
,Missouri,29,33 weeks,33,Unknown or Not Stated,9,13
,Missouri,29,34 weeks,34,Yes,1,160
,Missouri,29,34 weeks,34,No,2,942
,Missouri,29,34 weeks,34,Unknown or Not Stated,9,23
,Missouri,29,35 weeks,35,Yes,1,175
,Missouri,29,35 weeks,35,No,2,1306
,Missouri,29,35 weeks,35,Unknown or Not Stated,9,38
,Missouri,29,36 weeks,36,Yes,1,428
,Missouri,29,36 weeks,36,No,2,2724
,Missouri,29,36 weeks,36,Unknown or Not Stated,9,72
,Missouri,29,37 weeks,37,Yes,1,1001
,Missouri,29,37 weeks,37,No,2,7428
,Missouri,29,37 weeks,37,Unknown or Not Stated,9,157
,Missouri,29,38 weeks,38,Yes,1,1285
,Missouri,29,38 weeks,38,No,2,10095
,Missouri,29,38 weeks,38,Unknown or Not Stated,9,204
,Missouri,29,39 weeks,39,Yes,1,2684
,Missouri,29,39 weeks,39,No,2,25698
,Missouri,29,39 weeks,39,Unknown or Not Stated,9,506
,Missouri,29,40 weeks,40,Yes,1,730
,Missouri,29,40 weeks,40,No,2,9477
,Missouri,29,40 weeks,40,Unknown or Not Stated,9,165
,Missouri,29,41 weeks,41,Yes,1,116
,Missouri,29,41 weeks,41,No,2,1767
,Missouri,29,41 weeks,41,Unknown or Not Stated,9,21
,Missouri,29,42 weeks,42,Yes,1,11
,Missouri,29,42 weeks,42,No,2,173
,Missouri,29,43 weeks,43,No,2,15
,Missouri,29,Unknown or Not Stated,99,Yes,1,29
,Missouri,29,Unknown or Not Stated,99,No,2,52
,Missouri,29,Unknown or Not Stated,99,Unknown or Not Stated,9,10
,Montana,30,25 weeks,25,No,2,11
,Montana,30,27 weeks,27,No,2,10
,Montana,30,28 weeks,28,No,2,15
,Montana,30,29 weeks,29,No,2,16
,Montana,30,30 weeks,30,No,2,16
,Montana,30,31 weeks,31,No,2,31
,Montana,30,32 weeks,32,Yes,1,11
,Montana,30,32 weeks,32,No,2,35
,Montana,30,33 weeks,33,Yes,1,12
,Montana,30,33 weeks,33,No,2,70
,Montana,30,34 weeks,34,Yes,1,25
,Montana,30,34 weeks,34,No,2,114
,Montana,30,35 weeks,35,Yes,1,33
,Montana,30,35 weeks,35,No,2,187
,Montana,30,36 weeks,36,Yes,1,75
,Montana,30,36 weeks,36,No,2,385
,Montana,30,37 weeks,37,Yes,1,169
,Montana,30,37 weeks,37,No,2,1142
,Montana,30,38 weeks,38,Yes,1,226
,Montana,30,38 weeks,38,No,2,1666
,Montana,30,39 weeks,39,Yes,1,450
,Montana,30,39 weeks,39,No,2,3945
,Montana,30,40 weeks,40,Yes,1,138
,Montana,30,40 weeks,40,No,2,1850
,Montana,30,41 weeks,41,Yes,1,29
,Montana,30,41 weeks,41,No,2,480
,Montana,30,42 weeks,42,No,2,31
,Nebraska,31,22 weeks,22,No,2,12
,Nebraska,31,23 weeks,23,No,2,12
,Nebraska,31,24 weeks,24,No,2,18
,Nebraska,31,25 weeks,25,No,2,16
,Nebraska,31,26 weeks,26,No,2,14
,Nebraska,31,27 weeks,27,No,2,37
,Nebraska,31,28 weeks,28,No,2,30
,Nebraska,31,29 weeks,29,No,2,47
,Nebraska,31,30 weeks,30,No,2,67
,Nebraska,31,31 weeks,31,No,2,85
,Nebraska,31,32 weeks,32,No,2,128
,Nebraska,31,33 weeks,33,Yes,1,20
,Nebraska,31,33 weeks,33,No,2,153
,Nebraska,31,34 weeks,34,Yes,1,32
,Nebraska,31,34 weeks,34,No,2,323
,Nebraska,31,35 weeks,35,Yes,1,45
,Nebraska,31,35 weeks,35,No,2,390
,Nebraska,31,36 weeks,36,Yes,1,111
,Nebraska,31,36 weeks,36,No,2,1055
,Nebraska,31,37 weeks,37,Yes,1,228
,Nebraska,31,37 weeks,37,No,2,2865
,Nebraska,31,38 weeks,38,Yes,1,297
,Nebraska,31,38 weeks,38,No,2,3696
,Nebraska,31,39 weeks,39,Yes,1,615
,Nebraska,31,39 weeks,39,No,2,9684
,Nebraska,31,40 weeks,40,Yes,1,182
,Nebraska,31,40 weeks,40,No,2,3641
,Nebraska,31,41 weeks,41,Yes,1,19
,Nebraska,31,41 weeks,41,No,2,674
,Nebraska,31,42 weeks,42,No,2,26
,Nevada,32,22 weeks,22,No,2,21
,Nevada,32,23 weeks,23,No,2,15
,Nevada,32,24 weeks,24,No,2,40
,Nevada,32,25 weeks,25,No,2,36
,Nevada,32,26 weeks,26,No,2,38
,Nevada,32,27 weeks,27,No,2,47
,Nevada,32,28 weeks,28,No,2,59
,Nevada,32,29 weeks,29,No,2,66
,Nevada,32,30 weeks,30,No,2,72
,Nevada,32,31 weeks,31,No,2,99
,Nevada,32,32 weeks,32,Yes,1,15
,Nevada,32,32 weeks,32,No,2,188
,Nevada,32,33 weeks,33,Yes,1,15
,Nevada,32,33 weeks,33,No,2,231
,Nevada,32,34 weeks,34,Yes,1,16
,Nevada,32,34 weeks,34,No,2,466
,Nevada,32,35 weeks,35,Yes,1,36
,Nevada,32,35 weeks,35,No,2,708
,Nevada,32,35 weeks,35,Unknown or Not Stated,9,19
,Nevada,32,36 weeks,36,Yes,1,72
,Nevada,32,36 weeks,36,No,2,1429
,Nevada,32,36 weeks,36,Unknown or Not Stated,9,15
,Nevada,32,37 weeks,37,Yes,1,161
,Nevada,32,37 weeks,37,No,2,3605
,Nevada,32,37 weeks,37,Unknown or Not Stated,9,37
,Nevada,32,38 weeks,38,Yes,1,216
,Nevada,32,38 weeks,38,No,2,6191
,Nevada,32,38 weeks,38,Unknown or Not Stated,9,69
,Nevada,32,39 weeks,39,Yes,1,369
,Nevada,32,39 weeks,39,No,2,12593
,Nevada,32,39 weeks,39,Unknown or Not Stated,9,83
,Nevada,32,40 weeks,40,Yes,1,148
,Nevada,32,40 weeks,40,No,2,5371
,Nevada,32,40 weeks,40,Unknown or Not Stated,9,47
,Nevada,32,41 weeks,41,Yes,1,21
,Nevada,32,41 weeks,41,No,2,920
,Nevada,32,42 weeks,42,No,2,48
,New Hampshire,33,26 weeks,26,No,2,11
,New Hampshire,33,28 weeks,28,No,2,18
,New Hampshire,33,29 weeks,29,No,2,18
,New Hampshire,33,30 weeks,30,No,2,13
,New Hampshire,33,31 weeks,31,No,2,31
,New Hampshire,33,32 weeks,32,No,2,38
,New Hampshire,33,33 weeks,33,No,2,80
,New Hampshire,33,34 weeks,34,Yes,1,12
,New Hampshire,33,34 weeks,34,No,2,128
,New Hampshire,33,35 weeks,35,Yes,1,24
,New Hampshire,33,35 weeks,35,No,2,203
,New Hampshire,33,36 weeks,36,Yes,1,37
,New Hampshire,33,36 weeks,36,No,2,395
,New Hampshire,33,37 weeks,37,Yes,1,94
,New Hampshire,33,37 weeks,37,No,2,1050
,New Hampshire,33,37 weeks,37,Unknown or Not Stated,9,19
,New Hampshire,33,38 weeks,38,Yes,1,100
,New Hampshire,33,38 weeks,38,No,2,1635
,New Hampshire,33,38 weeks,38,Unknown or Not Stated,9,15
,New Hampshire,33,39 weeks,39,Yes,1,257
,New Hampshire,33,39 weeks,39,No,2,4188
,New Hampshire,33,39 weeks,39,Unknown or Not Stated,9,34
,New Hampshire,33,40 weeks,40,Yes,1,132
,New Hampshire,33,40 weeks,40,No,2,2551
,New Hampshire,33,40 weeks,40,Unknown or Not Stated,9,18
,New Hampshire,33,41 weeks,41,Yes,1,55
,New Hampshire,33,41 weeks,41,No,2,1306
,New Hampshire,33,41 weeks,41,Unknown or Not Stated,9,12
,New Hampshire,33,42 weeks,42,No,2,56
,New Hampshire,33,Unknown or Not Stated,99,No,2,11
,New Jersey,34,20 weeks,20,No,2,15
,New Jersey,34,21 weeks,21,No,2,24
,New Jersey,34,22 weeks,22,No,2,29
,New Jersey,34,23 weeks,23,No,2,52
,New Jersey,34,24 weeks,24,No,2,75
,New Jersey,34,25 weeks,25,No,2,69
,New Jersey,34,26 weeks,26,No,2,100
,New Jersey,34,27 weeks,27,Yes,1,10
,New Jersey,34,27 weeks,27,No,2,106
,New Jersey,34,28 weeks,28,No,2,146
,New Jersey,34,29 weeks,29,No,2,154
,New Jersey,34,30 weeks,30,No,2,249
,New Jersey,34,31 weeks,31,Yes,1,13
,New Jersey,34,31 weeks,31,No,2,249
,New Jersey,34,32 weeks,32,Yes,1,12
,New Jersey,34,32 weeks,32,No,2,416
,New Jersey,34,33 weeks,33,Yes,1,29
,New Jersey,34,33 weeks,33,No,2,629
,New Jersey,34,34 weeks,34,Yes,1,48
,New Jersey,34,34 weeks,34,No,2,1290
,New Jersey,34,35 weeks,35,Yes,1,59
,New Jersey,34,35 weeks,35,No,2,1719
,New Jersey,34,35 weeks,35,Unknown or Not Stated,9,16
,New Jersey,34,36 weeks,36,Yes,1,109
,New Jersey,34,36 weeks,36,No,2,3581
,New Jersey,34,36 weeks,36,Unknown or Not Stated,9,31
,New Jersey,34,37 weeks,37,Yes,1,267
,New Jersey,34,37 weeks,37,No,2,10102
,New Jersey,34,37 weeks,37,Unknown or Not Stated,9,69
,New Jersey,34,38 weeks,38,Yes,1,320
,New Jersey,34,38 weeks,38,No,2,16497
,New Jersey,34,38 weeks,38,Unknown or Not Stated,9,116
,New Jersey,34,39 weeks,39,Yes,1,604
,New Jersey,34,39 weeks,39,No,2,36986
,New Jersey,34,39 weeks,39,Unknown or Not Stated,9,234
,New Jersey,34,40 weeks,40,Yes,1,285
,New Jersey,34,40 weeks,40,No,2,20458
,New Jersey,34,40 weeks,40,Unknown or Not Stated,9,117
,New Jersey,34,41 weeks,41,Yes,1,81
,New Jersey,34,41 weeks,41,No,2,5786
,New Jersey,34,41 weeks,41,Unknown or Not Stated,9,34
,New Jersey,34,42 weeks,42,No,2,183
,New Jersey,34,43 weeks,43,No,2,11
,New Jersey,34,Unknown or Not Stated,99,No,2,18
,New Mexico,35,24 weeks,24,No,2,12
,New Mexico,35,25 weeks,25,No,2,15
,New Mexico,35,26 weeks,26,No,2,17
,New Mexico,35,27 weeks,27,No,2,32
,New Mexico,35,28 weeks,28,No,2,21
,New Mexico,35,29 weeks,29,No,2,33
,New Mexico,35,30 weeks,30,No,2,62
,New Mexico,35,31 weeks,31,No,2,48
,New Mexico,35,32 weeks,32,No,2,103
,New Mexico,35,33 weeks,33,Yes,1,12
,New Mexico,35,33 weeks,33,No,2,155
,New Mexico,35,34 weeks,34,Yes,1,27
,New Mexico,35,34 weeks,34,No,2,260
,New Mexico,35,35 weeks,35,Yes,1,39
,New Mexico,35,35 weeks,35,No,2,404
,New Mexico,35,36 weeks,36,Yes,1,61
,New Mexico,35,36 weeks,36,No,2,769
,New Mexico,35,37 weeks,37,Yes,1,154
,New Mexico,35,37 weeks,37,No,2,2511
,New Mexico,35,38 weeks,38,Yes,1,172
,New Mexico,35,38 weeks,38,No,2,3800
,New Mexico,35,38 weeks,38,Unknown or Not Stated,9,10
,New Mexico,35,39 weeks,39,Yes,1,283
,New Mexico,35,39 weeks,39,No,2,7579
,New Mexico,35,39 weeks,39,Unknown or Not Stated,9,19
,New Mexico,35,40 weeks,40,Yes,1,108
,New Mexico,35,40 weeks,40,No,2,3622
,New Mexico,35,40 weeks,40,Unknown or Not Stated,9,10
,New Mexico,35,41 weeks,41,Yes,1,31
,New Mexico,35,41 weeks,41,No,2,878
,New Mexico,35,42 weeks,42,No,2,42
,New York,36,18 weeks,18,No,2,11
,New York,36,19 weeks,19,No,2,15
,New York,36,20 weeks,20,No,2,24
,New York,36,21 weeks,21,No,2,39
,New York,36,22 weeks,22,No,2,78
,New York,36,23 weeks,23,No,2,137
,New York,36,24 weeks,24,No,2,180
,New York,36,25 weeks,25,No,2,177
,New York,36,26 weeks,26,No,2,238
,New York,36,27 weeks,27,Yes,1,13
,New York,36,27 weeks,27,No,2,250
,New York,36,28 weeks,28,Yes,1,24
,New York,36,28 weeks,28,No,2,326
,New York,36,29 weeks,29,Yes,1,19
,New York,36,29 weeks,29,No,2,374
,New York,36,30 weeks,30,Yes,1,18
,New York,36,30 weeks,30,No,2,462
,New York,36,31 weeks,31,Yes,1,29
,New York,36,31 weeks,31,No,2,597
,New York,36,32 weeks,32,Yes,1,73
,New York,36,32 weeks,32,No,2,920
,New York,36,33 weeks,33,Yes,1,79
,New York,36,33 weeks,33,No,2,1396
,New York,36,34 weeks,34,Yes,1,134
,New York,36,34 weeks,34,No,2,2879
,New York,36,35 weeks,35,Yes,1,184
,New York,36,35 weeks,35,No,2,3583
,New York,36,35 weeks,35,Unknown or Not Stated,9,10
,New York,36,36 weeks,36,Yes,1,336
,New York,36,36 weeks,36,No,2,7695
,New York,36,36 weeks,36,Unknown or Not Stated,9,17
,New York,36,37 weeks,37,Yes,1,774
,New York,36,37 weeks,37,No,2,20678
,New York,36,37 weeks,37,Unknown or Not Stated,9,30
,New York,36,38 weeks,38,Yes,1,1039
,New York,36,38 weeks,38,No,2,33104
,New York,36,38 weeks,38,Unknown or Not Stated,9,32
,New York,36,39 weeks,39,Yes,1,2206
,New York,36,39 weeks,39,No,2,74236
,New York,36,39 weeks,39,Unknown or Not Stated,9,78
,New York,36,40 weeks,40,Yes,1,991
,New York,36,40 weeks,40,No,2,42920
,New York,36,40 weeks,40,Unknown or Not Stated,9,44
,New York,36,41 weeks,41,Yes,1,340
,New York,36,41 weeks,41,No,2,12833
,New York,36,41 weeks,41,Unknown or Not Stated,9,15
,New York,36,42 weeks,42,Yes,1,15
,New York,36,42 weeks,42,No,2,641
,New York,36,43 weeks,43,No,2,22
,New York,36,Unknown or Not Stated,99,No,2,345
,North Carolina,37,19 weeks,19,No,2,18
,North Carolina,37,20 weeks,20,No,2,30
,North Carolina,37,21 weeks,21,No,2,37
,North Carolina,37,22 weeks,22,No,2,71
,North Carolina,37,23 weeks,23,Yes,1,17
,North Carolina,37,23 weeks,23,No,2,72
,North Carolina,37,24 weeks,24,Yes,1,11
,North Carolina,37,24 weeks,24,No,2,111
,North Carolina,37,25 weeks,25,Yes,1,13
,North Carolina,37,25 weeks,25,No,2,123
,North Carolina,37,26 weeks,26,Yes,1,15
,North Carolina,37,26 weeks,26,No,2,163
,North Carolina,37,27 weeks,27,Yes,1,16
,North Carolina,37,27 weeks,27,No,2,157
,North Carolina,37,28 weeks,28,Yes,1,22
,North Carolina,37,28 weeks,28,No,2,234
,North Carolina,37,29 weeks,29,Yes,1,18
,North Carolina,37,29 weeks,29,No,2,249
,North Carolina,37,30 weeks,30,Yes,1,38
,North Carolina,37,30 weeks,30,No,2,312
,North Carolina,37,31 weeks,31,Yes,1,39
,North Carolina,37,31 weeks,31,No,2,373
,North Carolina,37,32 weeks,32,Yes,1,57
,North Carolina,37,32 weeks,32,No,2,556
,North Carolina,37,33 weeks,33,Yes,1,100
,North Carolina,37,33 weeks,33,No,2,760
,North Carolina,37,34 weeks,34,Yes,1,167
,North Carolina,37,34 weeks,34,No,2,1692
,North Carolina,37,35 weeks,35,Yes,1,229
,North Carolina,37,35 weeks,35,No,2,2238
,North Carolina,37,36 weeks,36,Yes,1,408
,North Carolina,37,36 weeks,36,No,2,4629
,North Carolina,37,37 weeks,37,Yes,1,1074
,North Carolina,37,37 weeks,37,No,2,14134
,North Carolina,37,38 weeks,38,Yes,1,1211
,North Carolina,37,38 weeks,38,No,2,18827
,North Carolina,37,39 weeks,39,Yes,1,2180
,North Carolina,37,39 weeks,39,No,2,41876
,North Carolina,37,39 weeks,39,Unknown or Not Stated,9,16
,North Carolina,37,40 weeks,40,Yes,1,848
,North Carolina,37,40 weeks,40,No,2,21146
,North Carolina,37,41 weeks,41,Yes,1,239
,North Carolina,37,41 weeks,41,No,2,5555
,North Carolina,37,42 weeks,42,Yes,1,15
,North Carolina,37,42 weeks,42,No,2,223
,North Carolina,37,Unknown or Not Stated,99,Yes,1,11
,North Carolina,37,Unknown or Not Stated,99,No,2,37
,North Dakota,38,28 weeks,28,No,2,18
,North Dakota,38,29 weeks,29,No,2,16
,North Dakota,38,30 weeks,30,No,2,21
,North Dakota,38,31 weeks,31,No,2,15
,North Dakota,38,32 weeks,32,No,2,50
,North Dakota,38,33 weeks,33,No,2,56
,North Dakota,38,34 weeks,34,Yes,1,21
,North Dakota,38,34 weeks,34,No,2,115
,North Dakota,38,35 weeks,35,Yes,1,33
,North Dakota,38,35 weeks,35,No,2,175
,North Dakota,38,36 weeks,36,Yes,1,52
,North Dakota,38,36 weeks,36,No,2,307
,North Dakota,38,37 weeks,37,Yes,1,126
,North Dakota,38,37 weeks,37,No,2,1077
,North Dakota,38,37 weeks,37,Unknown or Not Stated,9,20
,North Dakota,38,38 weeks,38,Yes,1,140
,North Dakota,38,38 weeks,38,No,2,1499
,North Dakota,38,38 weeks,38,Unknown or Not Stated,9,14
,North Dakota,38,39 weeks,39,Yes,1,311
,North Dakota,38,39 weeks,39,No,2,3833
,North Dakota,38,39 weeks,39,Unknown or Not Stated,9,33
,North Dakota,38,40 weeks,40,Yes,1,104
,North Dakota,38,40 weeks,40,No,2,1550
,North Dakota,38,41 weeks,41,Yes,1,28
,North Dakota,38,41 weeks,41,No,2,369
,North Dakota,38,42 weeks,42,No,2,19
,Ohio,39,17 weeks,17,No,2,16
,Ohio,39,18 weeks,18,No,2,20
,Ohio,39,19 weeks,19,No,2,30
,Ohio,39,20 weeks,20,No,2,31
,Ohio,39,21 weeks,21,No,2,49
,Ohio,39,22 weeks,22,Yes,1,12
,Ohio,39,22 weeks,22,No,2,57
,Ohio,39,23 weeks,23,No,2,91
,Ohio,39,24 weeks,24,Yes,1,12
,Ohio,39,24 weeks,24,No,2,92
,Ohio,39,25 weeks,25,Yes,1,20
,Ohio,39,25 weeks,25,No,2,117
,Ohio,39,26 weeks,26,Yes,1,17
,Ohio,39,26 weeks,26,No,2,137
,Ohio,39,27 weeks,27,Yes,1,24
,Ohio,39,27 weeks,27,No,2,162
,Ohio,39,28 weeks,28,Yes,1,27
,Ohio,39,28 weeks,28,No,2,189
,Ohio,39,29 weeks,29,Yes,1,26
,Ohio,39,29 weeks,29,No,2,230
,Ohio,39,30 weeks,30,Yes,1,43
,Ohio,39,30 weeks,30,No,2,345
,Ohio,39,31 weeks,31,Yes,1,75
,Ohio,39,31 weeks,31,No,2,387
,Ohio,39,32 weeks,32,Yes,1,94
,Ohio,39,32 weeks,32,No,2,576
,Ohio,39,33 weeks,33,Yes,1,111
,Ohio,39,33 weeks,33,No,2,819
,Ohio,39,34 weeks,34,Yes,1,264
,Ohio,39,34 weeks,34,No,2,1753
,Ohio,39,35 weeks,35,Yes,1,341
,Ohio,39,35 weeks,35,No,2,2216
,Ohio,39,36 weeks,36,Yes,1,631
,Ohio,39,36 weeks,36,No,2,4652
,Ohio,39,36 weeks,36,Unknown or Not Stated,9,15
,Ohio,39,37 weeks,37,Yes,1,1714
,Ohio,39,37 weeks,37,No,2,14007
,Ohio,39,37 weeks,37,Unknown or Not Stated,9,28
,Ohio,39,38 weeks,38,Yes,1,2187
,Ohio,39,38 weeks,38,No,2,19513
,Ohio,39,38 weeks,38,Unknown or Not Stated,9,36
,Ohio,39,39 weeks,39,Yes,1,4914
,Ohio,39,39 weeks,39,No,2,47132
,Ohio,39,39 weeks,39,Unknown or Not Stated,9,82
,Ohio,39,40 weeks,40,Yes,1,1373
,Ohio,39,40 weeks,40,No,2,19977
,Ohio,39,40 weeks,40,Unknown or Not Stated,9,29
,Ohio,39,41 weeks,41,Yes,1,265
,Ohio,39,41 weeks,41,No,2,4353
,Ohio,39,42 weeks,42,Yes,1,12
,Ohio,39,42 weeks,42,No,2,283
,Ohio,39,43 weeks,43,No,2,30
,Ohio,39,Unknown or Not Stated,99,Yes,1,24
,Ohio,39,Unknown or Not Stated,99,No,2,53
,Ohio,39,Unknown or Not Stated,99,Unknown or Not Stated,9,24
,Oklahoma,40,20 weeks,20,No,2,17
,Oklahoma,40,21 weeks,21,No,2,15
,Oklahoma,40,22 weeks,22,No,2,20
,Oklahoma,40,23 weeks,23,No,2,29
,Oklahoma,40,24 weeks,24,No,2,30
,Oklahoma,40,25 weeks,25,No,2,54
,Oklahoma,40,26 weeks,26,No,2,54
,Oklahoma,40,27 weeks,27,No,2,70
,Oklahoma,40,28 weeks,28,No,2,102
,Oklahoma,40,29 weeks,29,Yes,1,11
,Oklahoma,40,29 weeks,29,No,2,87
,Oklahoma,40,30 weeks,30,Yes,1,14
,Oklahoma,40,30 weeks,30,No,2,114
,Oklahoma,40,31 weeks,31,Yes,1,21
,Oklahoma,40,31 weeks,31,No,2,157
,Oklahoma,40,32 weeks,32,Yes,1,34
,Oklahoma,40,32 weeks,32,No,2,228
,Oklahoma,40,33 weeks,33,Yes,1,36
,Oklahoma,40,33 weeks,33,No,2,361
,Oklahoma,40,34 weeks,34,Yes,1,88
,Oklahoma,40,34 weeks,34,No,2,684
,Oklahoma,40,35 weeks,35,Yes,1,115
,Oklahoma,40,35 weeks,35,No,2,1003
,Oklahoma,40,36 weeks,36,Yes,1,247
,Oklahoma,40,36 weeks,36,No,2,2121
,Oklahoma,40,37 weeks,37,Yes,1,538
,Oklahoma,40,37 weeks,37,No,2,5576
,Oklahoma,40,38 weeks,38,Yes,1,712
,Oklahoma,40,38 weeks,38,No,2,8264
,Oklahoma,40,39 weeks,39,Yes,1,1428
,Oklahoma,40,39 weeks,39,No,2,18776
,Oklahoma,40,40 weeks,40,Yes,1,363
,Oklahoma,40,40 weeks,40,No,2,5817
,Oklahoma,40,41 weeks,41,Yes,1,57
,Oklahoma,40,41 weeks,41,No,2,964
,Oklahoma,40,42 weeks,42,No,2,54
,Oklahoma,40,Unknown or Not Stated,99,No,2,36
,Oregon,41,23 weeks,23,No,2,16
,Oregon,41,24 weeks,24,No,2,15
,Oregon,41,25 weeks,25,No,2,23
,Oregon,41,26 weeks,26,No,2,18
,Oregon,41,27 weeks,27,No,2,37
,Oregon,41,28 weeks,28,No,2,41
,Oregon,41,29 weeks,29,No,2,67
,Oregon,41,30 weeks,30,Yes,1,13
,Oregon,41,30 weeks,30,No,2,67
,Oregon,41,31 weeks,31,Yes,1,14
,Oregon,41,31 weeks,31,No,2,84
,Oregon,41,32 weeks,32,Yes,1,17
,Oregon,41,32 weeks,32,No,2,156
,Oregon,41,33 weeks,33,Yes,1,27
,Oregon,41,33 weeks,33,No,2,204
,Oregon,41,34 weeks,34,Yes,1,54
,Oregon,41,34 weeks,34,No,2,514
,Oregon,41,35 weeks,35,Yes,1,68
,Oregon,41,35 weeks,35,No,2,646
,Oregon,41,36 weeks,36,Yes,1,124
,Oregon,41,36 weeks,36,No,2,1338
,Oregon,41,36 weeks,36,Unknown or Not Stated,9,11
,Oregon,41,37 weeks,37,Yes,1,304
,Oregon,41,37 weeks,37,No,2,3948
,Oregon,41,37 weeks,37,Unknown or Not Stated,9,21
,Oregon,41,38 weeks,38,Yes,1,373
,Oregon,41,38 weeks,38,No,2,5653
,Oregon,41,38 weeks,38,Unknown or Not Stated,9,46
,Oregon,41,39 weeks,39,Yes,1,776
,Oregon,41,39 weeks,39,No,2,13792
,Oregon,41,39 weeks,39,Unknown or Not Stated,9,87
,Oregon,41,40 weeks,40,Yes,1,348
,Oregon,41,40 weeks,40,No,2,8221
,Oregon,41,40 weeks,40,Unknown or Not Stated,9,39
,Oregon,41,41 weeks,41,Yes,1,108
,Oregon,41,41 weeks,41,No,2,3307
,Oregon,41,41 weeks,41,Unknown or Not Stated,9,22
,Oregon,41,42 weeks,42,No,2,194
,Pennsylvania,42,17 weeks,17,No,2,13
,Pennsylvania,42,18 weeks,18,No,2,12
,Pennsylvania,42,19 weeks,19,No,2,15
,Pennsylvania,42,20 weeks,20,No,2,36
,Pennsylvania,42,21 weeks,21,No,2,30
,Pennsylvania,42,22 weeks,22,No,2,50
,Pennsylvania,42,23 weeks,23,Yes,1,11
,Pennsylvania,42,23 weeks,23,No,2,73
,Pennsylvania,42,24 weeks,24,No,2,105
,Pennsylvania,42,25 weeks,25,Yes,1,12
,Pennsylvania,42,25 weeks,25,No,2,90
,Pennsylvania,42,26 weeks,26,Yes,1,11
,Pennsylvania,42,26 weeks,26,No,2,118
,Pennsylvania,42,27 weeks,27,Yes,1,19
,Pennsylvania,42,27 weeks,27,No,2,150
,Pennsylvania,42,28 weeks,28,Yes,1,25
,Pennsylvania,42,28 weeks,28,No,2,169
,Pennsylvania,42,29 weeks,29,Yes,1,31
,Pennsylvania,42,29 weeks,29,No,2,191
,Pennsylvania,42,30 weeks,30,Yes,1,56
,Pennsylvania,42,30 weeks,30,No,2,285
,Pennsylvania,42,31 weeks,31,Yes,1,50
,Pennsylvania,42,31 weeks,31,No,2,319
,Pennsylvania,42,32 weeks,32,Yes,1,72
,Pennsylvania,42,32 weeks,32,No,2,618
,Pennsylvania,42,32 weeks,32,Unknown or Not Stated,9,15
,Pennsylvania,42,33 weeks,33,Yes,1,94
,Pennsylvania,42,33 weeks,33,No,2,774
,Pennsylvania,42,33 weeks,33,Unknown or Not Stated,9,19
,Pennsylvania,42,34 weeks,34,Yes,1,183
,Pennsylvania,42,34 weeks,34,No,2,1637
,Pennsylvania,42,34 weeks,34,Unknown or Not Stated,9,36
,Pennsylvania,42,35 weeks,35,Yes,1,279
,Pennsylvania,42,35 weeks,35,No,2,2111
,Pennsylvania,42,35 weeks,35,Unknown or Not Stated,9,40
,Pennsylvania,42,36 weeks,36,Yes,1,546
,Pennsylvania,42,36 weeks,36,No,2,4543
,Pennsylvania,42,36 weeks,36,Unknown or Not Stated,9,76
,Pennsylvania,42,37 weeks,37,Yes,1,1249
,Pennsylvania,42,37 weeks,37,No,2,13243
,Pennsylvania,42,37 weeks,37,Unknown or Not Stated,9,201
,Pennsylvania,42,38 weeks,38,Yes,1,1554
,Pennsylvania,42,38 weeks,38,No,2,18324
,Pennsylvania,42,38 weeks,38,Unknown or Not Stated,9,272
,Pennsylvania,42,39 weeks,39,Yes,1,3622
,Pennsylvania,42,39 weeks,39,No,2,46469
,Pennsylvania,42,39 weeks,39,Unknown or Not Stated,9,604
,Pennsylvania,42,40 weeks,40,Yes,1,1291
,Pennsylvania,42,40 weeks,40,No,2,24403
,Pennsylvania,42,40 weeks,40,Unknown or Not Stated,9,251
,Pennsylvania,42,41 weeks,41,Yes,1,337
,Pennsylvania,42,41 weeks,41,No,2,7184
,Pennsylvania,42,41 weeks,41,Unknown or Not Stated,9,68
,Pennsylvania,42,42 weeks,42,Yes,1,10
,Pennsylvania,42,42 weeks,42,No,2,295
,Pennsylvania,42,43 weeks,43,No,2,20
,Pennsylvania,42,Unknown or Not Stated,99,Yes,1,54
,Pennsylvania,42,Unknown or Not Stated,99,No,2,138
,Pennsylvania,42,Unknown or Not Stated,99,Unknown or Not Stated,9,11
,Rhode Island,44,25 weeks,25,No,2,11
,Rhode Island,44,26 weeks,26,No,2,16
,Rhode Island,44,28 weeks,28,No,2,14
,Rhode Island,44,30 weeks,30,No,2,21
,Rhode Island,44,31 weeks,31,No,2,36
,Rhode Island,44,32 weeks,32,No,2,41
,Rhode Island,44,33 weeks,33,No,2,70
,Rhode Island,44,34 weeks,34,Yes,1,10
,Rhode Island,44,34 weeks,34,No,2,130
,Rhode Island,44,35 weeks,35,No,2,191
,Rhode Island,44,36 weeks,36,Yes,1,14
,Rhode Island,44,36 weeks,36,No,2,390
,Rhode Island,44,37 weeks,37,Yes,1,43
,Rhode Island,44,37 weeks,37,No,2,1054
,Rhode Island,44,38 weeks,38,Yes,1,59
,Rhode Island,44,38 weeks,38,No,2,1535
,Rhode Island,44,39 weeks,39,Yes,1,136
,Rhode Island,44,39 weeks,39,No,2,3773
,Rhode Island,44,40 weeks,40,Yes,1,47
,Rhode Island,44,40 weeks,40,No,2,1937
,Rhode Island,44,41 weeks,41,Yes,1,20
,Rhode Island,44,41 weeks,41,No,2,806
,Rhode Island,44,42 weeks,42,No,2,23
,South Carolina,45,19 weeks,19,No,2,12
,South Carolina,45,20 weeks,20,No,2,10
,South Carolina,45,21 weeks,21,No,2,31
,South Carolina,45,22 weeks,22,No,2,34
,South Carolina,45,23 weeks,23,No,2,36
,South Carolina,45,24 weeks,24,No,2,67
,South Carolina,45,25 weeks,25,No,2,77
,South Carolina,45,26 weeks,26,No,2,74
,South Carolina,45,27 weeks,27,No,2,102
,South Carolina,45,28 weeks,28,No,2,91
,South Carolina,45,29 weeks,29,No,2,123
,South Carolina,45,30 weeks,30,Yes,1,20
,South Carolina,45,30 weeks,30,No,2,169
,South Carolina,45,31 weeks,31,Yes,1,16
,South Carolina,45,31 weeks,31,No,2,221
,South Carolina,45,32 weeks,32,Yes,1,17
,South Carolina,45,32 weeks,32,No,2,310
,South Carolina,45,33 weeks,33,Yes,1,29
,South Carolina,45,33 weeks,33,No,2,489
,South Carolina,45,34 weeks,34,Yes,1,61
,South Carolina,45,34 weeks,34,No,2,860
,South Carolina,45,35 weeks,35,Yes,1,90
,South Carolina,45,35 weeks,35,No,2,1202
,South Carolina,45,36 weeks,36,Yes,1,210
,South Carolina,45,36 weeks,36,No,2,2491
,South Carolina,45,37 weeks,37,Yes,1,467
,South Carolina,45,37 weeks,37,No,2,6971
,South Carolina,45,38 weeks,38,Yes,1,512
,South Carolina,45,38 weeks,38,No,2,9310
,South Carolina,45,38 weeks,38,Unknown or Not Stated,9,11
,South Carolina,45,39 weeks,39,Yes,1,1205
,South Carolina,45,39 weeks,39,No,2,21922
,South Carolina,45,39 weeks,39,Unknown or Not Stated,9,15
,South Carolina,45,40 weeks,40,Yes,1,322
,South Carolina,45,40 weeks,40,No,2,7901
,South Carolina,45,41 weeks,41,Yes,1,43
,South Carolina,45,41 weeks,41,No,2,1472
,South Carolina,45,42 weeks,42,No,2,87
,South Carolina,45,Unknown or Not Stated,99,No,2,13
,South Dakota,46,29 weeks,29,No,2,14
,South Dakota,46,30 weeks,30,No,2,25
,South Dakota,46,31 weeks,31,No,2,25
,South Dakota,46,32 weeks,32,Yes,1,13
,South Dakota,46,32 weeks,32,No,2,51
,South Dakota,46,33 weeks,33,Yes,1,13
,South Dakota,46,33 weeks,33,No,2,54
,South Dakota,46,34 weeks,34,Yes,1,19
,South Dakota,46,34 weeks,34,No,2,149
,South Dakota,46,35 weeks,35,Yes,1,28
,South Dakota,46,35 weeks,35,No,2,187
,South Dakota,46,36 weeks,36,Yes,1,73
,South Dakota,46,36 weeks,36,No,2,477
,South Dakota,46,37 weeks,37,Yes,1,153
,South Dakota,46,37 weeks,37,No,2,1155
,South Dakota,46,38 weeks,38,Yes,1,213
,South Dakota,46,38 weeks,38,No,2,1811
,South Dakota,46,38 weeks,38,Unknown or Not Stated,9,10
,South Dakota,46,39 weeks,39,Yes,1,341
,South Dakota,46,39 weeks,39,No,2,3983
,South Dakota,46,39 weeks,39,Unknown or Not Stated,9,10
,South Dakota,46,40 weeks,40,Yes,1,136
,South Dakota,46,40 weeks,40,No,2,1835
,South Dakota,46,41 weeks,41,Yes,1,32
,South Dakota,46,41 weeks,41,No,2,447
,South Dakota,46,42 weeks,42,No,2,30
,Tennessee,47,19 weeks,19,No,2,11
,Tennessee,47,20 weeks,20,No,2,16
,Tennessee,47,21 weeks,21,No,2,15
,Tennessee,47,22 weeks,22,No,2,30
,Tennessee,47,23 weeks,23,No,2,55
,Tennessee,47,24 weeks,24,Yes,1,11
,Tennessee,47,24 weeks,24,No,2,84
,Tennessee,47,25 weeks,25,No,2,80
,Tennessee,47,26 weeks,26,Yes,1,15
,Tennessee,47,26 weeks,26,No,2,84
,Tennessee,47,27 weeks,27,Yes,1,10
,Tennessee,47,27 weeks,27,No,2,99
,Tennessee,47,28 weeks,28,Yes,1,16
,Tennessee,47,28 weeks,28,No,2,147
,Tennessee,47,29 weeks,29,Yes,1,17
,Tennessee,47,29 weeks,29,No,2,122
,Tennessee,47,30 weeks,30,Yes,1,33
,Tennessee,47,30 weeks,30,No,2,198
,Tennessee,47,31 weeks,31,Yes,1,30
,Tennessee,47,31 weeks,31,No,2,256
,Tennessee,47,32 weeks,32,Yes,1,64
,Tennessee,47,32 weeks,32,No,2,388
,Tennessee,47,33 weeks,33,Yes,1,88
,Tennessee,47,33 weeks,33,No,2,585
,Tennessee,47,34 weeks,34,Yes,1,158
,Tennessee,47,34 weeks,34,No,2,1103
,Tennessee,47,35 weeks,35,Yes,1,233
,Tennessee,47,35 weeks,35,No,2,1493
,Tennessee,47,35 weeks,35,Unknown or Not Stated,9,10
,Tennessee,47,36 weeks,36,Yes,1,416
,Tennessee,47,36 weeks,36,No,2,3287
,Tennessee,47,36 weeks,36,Unknown or Not Stated,9,19
,Tennessee,47,37 weeks,37,Yes,1,1012
,Tennessee,47,37 weeks,37,No,2,8861
,Tennessee,47,37 weeks,37,Unknown or Not Stated,9,53
,Tennessee,47,38 weeks,38,Yes,1,1381
,Tennessee,47,38 weeks,38,No,2,12910
,Tennessee,47,38 weeks,38,Unknown or Not Stated,9,70
,Tennessee,47,39 weeks,39,Yes,1,2929
,Tennessee,47,39 weeks,39,No,2,28983
,Tennessee,47,39 weeks,39,Unknown or Not Stated,9,152
,Tennessee,47,40 weeks,40,Yes,1,817
,Tennessee,47,40 weeks,40,No,2,12354
,Tennessee,47,40 weeks,40,Unknown or Not Stated,9,58
,Tennessee,47,41 weeks,41,Yes,1,140
,Tennessee,47,41 weeks,41,No,2,2529
,Tennessee,47,42 weeks,42,No,2,163
,Tennessee,47,Unknown or Not Stated,99,Yes,1,20
,Tennessee,47,Unknown or Not Stated,99,No,2,35
,Texas,48,17 weeks,17,No,2,29
,Texas,48,18 weeks,18,No,2,44
,Texas,48,19 weeks,19,No,2,63
,Texas,48,20 weeks,20,No,2,99
,Texas,48,21 weeks,21,No,2,127
,Texas,48,22 weeks,22,No,2,180
,Texas,48,23 weeks,23,No,2,275
,Texas,48,24 weeks,24,No,2,362
,Texas,48,25 weeks,25,No,2,406
,Texas,48,26 weeks,26,No,2,459
,Texas,48,27 weeks,27,Yes,1,17
,Texas,48,27 weeks,27,No,2,488
,Texas,48,28 weeks,28,Yes,1,14
,Texas,48,28 weeks,28,No,2,587
,Texas,48,29 weeks,29,Yes,1,14
,Texas,48,29 weeks,29,No,2,716
,Texas,48,30 weeks,30,Yes,1,33
,Texas,48,30 weeks,30,No,2,1002
,Texas,48,31 weeks,31,Yes,1,29
,Texas,48,31 weeks,31,No,2,1314
,Texas,48,32 weeks,32,Yes,1,48
,Texas,48,32 weeks,32,No,2,1989
,Texas,48,33 weeks,33,Yes,1,66
,Texas,48,33 weeks,33,No,2,2923
,Texas,48,33 weeks,33,Unknown or Not Stated,9,15
,Texas,48,34 weeks,34,Yes,1,138
,Texas,48,34 weeks,34,No,2,5519
,Texas,48,34 weeks,34,Unknown or Not Stated,9,17
,Texas,48,35 weeks,35,Yes,1,206
,Texas,48,35 weeks,35,No,2,8082
,Texas,48,35 weeks,35,Unknown or Not Stated,9,38
,Texas,48,36 weeks,36,Yes,1,371
,Texas,48,36 weeks,36,No,2,16726
,Texas,48,36 weeks,36,Unknown or Not Stated,9,45
,Texas,48,37 weeks,37,Yes,1,923
,Texas,48,37 weeks,37,No,2,46745
,Texas,48,37 weeks,37,Unknown or Not Stated,9,100
,Texas,48,38 weeks,38,Yes,1,1197
,Texas,48,38 weeks,38,No,2,71332
,Texas,48,38 weeks,38,Unknown or Not Stated,9,165
,Texas,48,39 weeks,39,Yes,1,2363
,Texas,48,39 weeks,39,No,2,142280
,Texas,48,39 weeks,39,Unknown or Not Stated,9,308
,Texas,48,40 weeks,40,Yes,1,733
,Texas,48,40 weeks,40,No,2,52796
,Texas,48,40 weeks,40,Unknown or Not Stated,9,116
,Texas,48,41 weeks,41,Yes,1,120
,Texas,48,41 weeks,41,No,2,10963
,Texas,48,41 weeks,41,Unknown or Not Stated,9,20
,Texas,48,42 weeks,42,No,2,740
,Texas,48,43 weeks,43,No,2,40
,Texas,48,44 weeks,44,No,2,12
,Texas,48,Unknown or Not Stated,99,No,2,81
,Texas,48,Unknown or Not Stated,99,Unknown or Not Stated,9,15
,Utah,49,20 weeks,20,No,2,11
,Utah,49,21 weeks,21,No,2,17
,Utah,49,22 weeks,22,No,2,15
,Utah,49,23 weeks,23,No,2,24
,Utah,49,24 weeks,24,No,2,23
,Utah,49,25 weeks,25,No,2,30
,Utah,49,26 weeks,26,No,2,33
,Utah,49,27 weeks,27,No,2,54
,Utah,49,28 weeks,28,No,2,65
,Utah,49,29 weeks,29,No,2,65
,Utah,49,30 weeks,30,No,2,98
,Utah,49,31 weeks,31,No,2,140
,Utah,49,32 weeks,32,No,2,196
,Utah,49,33 weeks,33,No,2,315
,Utah,49,34 weeks,34,Yes,1,30
,Utah,49,34 weeks,34,No,2,631
,Utah,49,35 weeks,35,Yes,1,24
,Utah,49,35 weeks,35,No,2,854
,Utah,49,36 weeks,36,Yes,1,61
,Utah,49,36 weeks,36,No,2,1864
,Utah,49,37 weeks,37,Yes,1,127
,Utah,49,37 weeks,37,No,2,5473
,Utah,49,37 weeks,37,Unknown or Not Stated,9,23
,Utah,49,38 weeks,38,Yes,1,164
,Utah,49,38 weeks,38,No,2,8289
,Utah,49,38 weeks,38,Unknown or Not Stated,9,26
,Utah,49,39 weeks,39,Yes,1,316
,Utah,49,39 weeks,39,No,2,19511
,Utah,49,39 weeks,39,Unknown or Not Stated,9,48
,Utah,49,40 weeks,40,Yes,1,89
,Utah,49,40 weeks,40,No,2,6467
,Utah,49,40 weeks,40,Unknown or Not Stated,9,20
,Utah,49,41 weeks,41,Yes,1,19
,Utah,49,41 weeks,41,No,2,1414
,Utah,49,42 weeks,42,No,2,95
,Vermont,50,32 weeks,32,No,2,24
,Vermont,50,33 weeks,33,No,2,35
,Vermont,50,34 weeks,34,Yes,1,13
,Vermont,50,34 weeks,34,No,2,46
,Vermont,50,35 weeks,35,Yes,1,13
,Vermont,50,35 weeks,35,No,2,68
,Vermont,50,36 weeks,36,Yes,1,28
,Vermont,50,36 weeks,36,No,2,145
,Vermont,50,37 weeks,37,Yes,1,59
,Vermont,50,37 weeks,37,No,2,473
,Vermont,50,38 weeks,38,Yes,1,83
,Vermont,50,38 weeks,38,No,2,698
,Vermont,50,38 weeks,38,Unknown or Not Stated,9,17
,Vermont,50,39 weeks,39,Yes,1,183
,Vermont,50,39 weeks,39,No,2,1620
,Vermont,50,39 weeks,39,Unknown or Not Stated,9,22
,Vermont,50,40 weeks,40,Yes,1,85
,Vermont,50,40 weeks,40,No,2,1077
,Vermont,50,40 weeks,40,Unknown or Not Stated,9,16
,Vermont,50,41 weeks,41,Yes,1,29
,Vermont,50,41 weeks,41,No,2,541
,Vermont,50,42 weeks,42,No,2,36
,Virginia,51,18 weeks,18,No,2,10
,Virginia,51,19 weeks,19,No,2,18
,Virginia,51,20 weeks,20,No,2,19
,Virginia,51,21 weeks,21,No,2,27
,Virginia,51,22 weeks,22,No,2,53
,Virginia,51,23 weeks,23,No,2,75
,Virginia,51,24 weeks,24,No,2,83
,Virginia,51,25 weeks,25,No,2,91
,Virginia,51,26 weeks,26,No,2,103
,Virginia,51,27 weeks,27,No,2,124
,Virginia,51,28 weeks,28,Yes,1,13
,Virginia,51,28 weeks,28,No,2,154
,Virginia,51,29 weeks,29,No,2,151
,Virginia,51,30 weeks,30,Yes,1,20
,Virginia,51,30 weeks,30,No,2,220
,Virginia,51,31 weeks,31,Yes,1,25
,Virginia,51,31 weeks,31,No,2,236
,Virginia,51,32 weeks,32,Yes,1,26
,Virginia,51,32 weeks,32,No,2,423
,Virginia,51,33 weeks,33,Yes,1,40
,Virginia,51,33 weeks,33,No,2,634
,Virginia,51,34 weeks,34,Yes,1,80
,Virginia,51,34 weeks,34,No,2,1279
,Virginia,51,35 weeks,35,Yes,1,126
,Virginia,51,35 weeks,35,No,2,1660
,Virginia,51,36 weeks,36,Yes,1,223
,Virginia,51,36 weeks,36,No,2,3499
,Virginia,51,37 weeks,37,Yes,1,565
,Virginia,51,37 weeks,37,No,2,10303
,Virginia,51,38 weeks,38,Yes,1,659
,Virginia,51,38 weeks,38,No,2,15103
,Virginia,51,39 weeks,39,Yes,1,1411
,Virginia,51,39 weeks,39,No,2,34630
,Virginia,51,39 weeks,39,Unknown or Not Stated,9,12
,Virginia,51,40 weeks,40,Yes,1,537
,Virginia,51,40 weeks,40,No,2,17608
,Virginia,51,40 weeks,40,Unknown or Not Stated,9,19
,Virginia,51,41 weeks,41,Yes,1,180
,Virginia,51,41 weeks,41,No,2,5007
,Virginia,51,42 weeks,42,No,2,246
,Virginia,51,Unknown or Not Stated,99,No,2,19
,Washington,53,19 weeks,19,No,2,12
,Washington,53,20 weeks,20,No,2,14
,Washington,53,21 weeks,21,No,2,15
,Washington,53,22 weeks,22,No,2,19
,Washington,53,23 weeks,23,No,2,41
,Washington,53,24 weeks,24,No,2,45
,Washington,53,25 weeks,25,No,2,53
,Washington,53,26 weeks,26,No,2,59
,Washington,53,27 weeks,27,No,2,71
,Washington,53,28 weeks,28,Yes,1,13
,Washington,53,28 weeks,28,No,2,105
,Washington,53,29 weeks,29,Yes,1,11
,Washington,53,29 weeks,29,No,2,120
,Washington,53,30 weeks,30,No,2,165
,Washington,53,30 weeks,30,Unknown or Not Stated,9,10
,Washington,53,31 weeks,31,Yes,1,10
,Washington,53,31 weeks,31,No,2,212
,Washington,53,31 weeks,31,Unknown or Not Stated,9,12
,Washington,53,32 weeks,32,Yes,1,15
,Washington,53,32 weeks,32,No,2,304
,Washington,53,32 weeks,32,Unknown or Not Stated,9,11
,Washington,53,33 weeks,33,Yes,1,35
,Washington,53,33 weeks,33,No,2,458
,Washington,53,33 weeks,33,Unknown or Not Stated,9,24
,Washington,53,34 weeks,34,Yes,1,71
,Washington,53,34 weeks,34,No,2,938
,Washington,53,34 weeks,34,Unknown or Not Stated,9,43
,Washington,53,35 weeks,35,Yes,1,87
,Washington,53,35 weeks,35,No,2,1256
,Washington,53,35 weeks,35,Unknown or Not Stated,9,66
,Washington,53,36 weeks,36,Yes,1,182
,Washington,53,36 weeks,36,No,2,2764
,Washington,53,36 weeks,36,Unknown or Not Stated,9,105
,Washington,53,37 weeks,37,Yes,1,439
,Washington,53,37 weeks,37,No,2,7902
,Washington,53,37 weeks,37,Unknown or Not Stated,9,281
,Washington,53,38 weeks,38,Yes,1,562
,Washington,53,38 weeks,38,No,2,12293
,Washington,53,38 weeks,38,Unknown or Not Stated,9,408
,Washington,53,39 weeks,39,Yes,1,1136
,Washington,53,39 weeks,39,No,2,28123
,Washington,53,39 weeks,39,Unknown or Not Stated,9,782
,Washington,53,40 weeks,40,Yes,1,497
,Washington,53,40 weeks,40,No,2,16205
,Washington,53,40 weeks,40,Unknown or Not Stated,9,437
,Washington,53,41 weeks,41,Yes,1,167
,Washington,53,41 weeks,41,No,2,6529
,Washington,53,41 weeks,41,Unknown or Not Stated,9,152
,Washington,53,42 weeks,42,No,2,358
,Washington,53,43 weeks,43,No,2,13
,Washington,53,Unknown or Not Stated,99,Yes,1,28
,Washington,53,Unknown or Not Stated,99,No,2,126
,Washington,53,Unknown or Not Stated,99,Unknown or Not Stated,9,19
,West Virginia,54,24 weeks,24,No,2,18
,West Virginia,54,25 weeks,25,No,2,13
,West Virginia,54,27 weeks,27,No,2,17
,West Virginia,54,28 weeks,28,Yes,1,10
,West Virginia,54,28 weeks,28,No,2,30
,West Virginia,54,29 weeks,29,Yes,1,11
,West Virginia,54,29 weeks,29,No,2,28
,West Virginia,54,30 weeks,30,Yes,1,14
,West Virginia,54,30 weeks,30,No,2,30
,West Virginia,54,31 weeks,31,Yes,1,16
,West Virginia,54,31 weeks,31,No,2,56
,West Virginia,54,32 weeks,32,Yes,1,34
,West Virginia,54,32 weeks,32,No,2,92
,West Virginia,54,33 weeks,33,Yes,1,47
,West Virginia,54,33 weeks,33,No,2,109
,West Virginia,54,34 weeks,34,Yes,1,74
,West Virginia,54,34 weeks,34,No,2,207
,West Virginia,54,35 weeks,35,Yes,1,105
,West Virginia,54,35 weeks,35,No,2,347
,West Virginia,54,36 weeks,36,Yes,1,188
,West Virginia,54,36 weeks,36,No,2,699
,West Virginia,54,37 weeks,37,Yes,1,476
,West Virginia,54,37 weeks,37,No,2,1970
,West Virginia,54,38 weeks,38,Yes,1,593
,West Virginia,54,38 weeks,38,No,2,2446
,West Virginia,54,39 weeks,39,Yes,1,1202
,West Virginia,54,39 weeks,39,No,2,5726
,West Virginia,54,40 weeks,40,Yes,1,282
,West Virginia,54,40 weeks,40,No,2,1776
,West Virginia,54,41 weeks,41,Yes,1,55
,West Virginia,54,41 weeks,41,No,2,437
,West Virginia,54,42 weeks,42,No,2,21
,Wisconsin,55,20 weeks,20,No,2,11
,Wisconsin,55,21 weeks,21,No,2,19
,Wisconsin,55,22 weeks,22,No,2,22
,Wisconsin,55,23 weeks,23,No,2,24
,Wisconsin,55,24 weeks,24,No,2,43
,Wisconsin,55,25 weeks,25,No,2,49
,Wisconsin,55,26 weeks,26,No,2,54
,Wisconsin,55,27 weeks,27,No,2,74
,Wisconsin,55,28 weeks,28,No,2,89
,Wisconsin,55,29 weeks,29,Yes,1,11
,Wisconsin,55,29 weeks,29,No,2,95
,Wisconsin,55,30 weeks,30,Yes,1,11
,Wisconsin,55,30 weeks,30,No,2,153
,Wisconsin,55,31 weeks,31,Yes,1,14
,Wisconsin,55,31 weeks,31,No,2,172
,Wisconsin,55,32 weeks,32,Yes,1,35
,Wisconsin,55,32 weeks,32,No,2,271
,Wisconsin,55,33 weeks,33,Yes,1,45
,Wisconsin,55,33 weeks,33,No,2,382
,Wisconsin,55,34 weeks,34,Yes,1,87
,Wisconsin,55,34 weeks,34,No,2,835
,Wisconsin,55,35 weeks,35,Yes,1,109
,Wisconsin,55,35 weeks,35,No,2,1033
,Wisconsin,55,35 weeks,35,Unknown or Not Stated,9,14
,Wisconsin,55,36 weeks,36,Yes,1,267
,Wisconsin,55,36 weeks,36,No,2,2164
,Wisconsin,55,36 weeks,36,Unknown or Not Stated,9,18
,Wisconsin,55,37 weeks,37,Yes,1,630
,Wisconsin,55,37 weeks,37,No,2,6252
,Wisconsin,55,37 weeks,37,Unknown or Not Stated,9,59
,Wisconsin,55,38 weeks,38,Yes,1,743
,Wisconsin,55,38 weeks,38,No,2,8872
,Wisconsin,55,38 weeks,38,Unknown or Not Stated,9,62
,Wisconsin,55,39 weeks,39,Yes,1,1680
,Wisconsin,55,39 weeks,39,No,2,22764
,Wisconsin,55,39 weeks,39,Unknown or Not Stated,9,142
,Wisconsin,55,40 weeks,40,Yes,1,486
,Wisconsin,55,40 weeks,40,No,2,10927
,Wisconsin,55,40 weeks,40,Unknown or Not Stated,9,49
,Wisconsin,55,41 weeks,41,Yes,1,79
,Wisconsin,55,41 weeks,41,No,2,2595
,Wisconsin,55,41 weeks,41,Unknown or Not Stated,9,18
,Wisconsin,55,42 weeks,42,No,2,174
,Wisconsin,55,43 weeks,43,No,2,13
,Wisconsin,55,Unknown or Not Stated,99,No,2,43
,Wyoming,56,30 weeks,30,No,2,11
,Wyoming,56,32 weeks,32,No,2,24
,Wyoming,56,33 weeks,33,Yes,1,11
,Wyoming,56,33 weeks,33,No,2,52
,Wyoming,56,34 weeks,34,No,2,80
,Wyoming,56,35 weeks,35,Yes,1,17
,Wyoming,56,35 weeks,35,No,2,105
,Wyoming,56,36 weeks,36,Yes,1,35
,Wyoming,56,36 weeks,36,No,2,250
,Wyoming,56,36 weeks,36,Unknown or Not Stated,9,14
,Wyoming,56,37 weeks,37,Yes,1,77
,Wyoming,56,37 weeks,37,No,2,598
,Wyoming,56,37 weeks,37,Unknown or Not Stated,9,43
,Wyoming,56,38 weeks,38,Yes,1,110
,Wyoming,56,38 weeks,38,No,2,981
,Wyoming,56,38 weeks,38,Unknown or Not Stated,9,55
,Wyoming,56,39 weeks,39,Yes,1,227
,Wyoming,56,39 weeks,39,No,2,2125
,Wyoming,56,39 weeks,39,Unknown or Not Stated,9,95
,Wyoming,56,40 weeks,40,Yes,1,68
,Wyoming,56,40 weeks,40,No,2,887
,Wyoming,56,40 weeks,40,Unknown or Not Stated,9,62
,Wyoming,56,41 weeks,41,Yes,1,13
,Wyoming,56,41 weeks,41,No,2,199
,Wyoming,56,42 weeks,42,No,2,10
---,,,,,,,
"Dataset: Natality, 2016-2022 expanded",,,,,,,
Query Parameters:,,,,,,,
Year: 2021,,,,,,,
Group By: State of Residence; OE Gestational Age Weekly; Tobacco Use,,,,,,,
Show Totals: Disabled,,,,,,,
Show Zero Values: False,,,,,,,
Show Suppressed: False,,,,,,,
"Calculate Rates Per: 1,000",,,,,,,
---,,,,,,,
Help: See http://wonder.cdc.gov/wonder/help/Natality-expanded.html for more information.,,,,,,,
---,,,,,,,
"Query Date: Dec 14, 2023 6:14:41 PM",,,,,,,
---,,,,,,,
"Suggested Citation: Centers for Disease Control and Prevention, National Center for Health Statistics. National Vital Statistics",,,,,,,
"System, Natality on CDC WONDER Online Database. Data are from the Natality Records 2016-2022, as compiled from data provided by",,,,,,,
the 57 vital statistics jurisdictions through the Vital Statistics Cooperative Program. Accessed at,,,,,,,
"http://wonder.cdc.gov/natality-expanded-current.html on Dec 14, 2023 6:14:41 PM",,,,,,,
---,,,,,,,
Messages:,,,,,,,
1. Totals are not available for these results due to suppression constraints. More Information:,,,,,,,
http://wonder.cdc.gov/wonder/help/faq.html#Privacy.,,,,,,,
2. Rows with zero Births are hidden. Use Quick Options above to show zero rows.,,,,,,,
3. Rows with suppressed Births are hidden. Use Quick Options above to show suppressed rows.,,,,,,,
---,,,,,,,
Caveats:,,,,,,,
1. 'Suppressed' appears when the data do not meet the criteria for confidentiality constraints. More information:,,,,,,,
http://wonder.cdc.gov/wonder/help/Natality-expanded.html#Assurance of Confidentiality.,,,,,,,
2. Each birth record represents one liveborn infant.,,,,,,,